OrderID,OrderDate,CustomerID,CustomerName,ProductID,ProductName,Category,Region,Quantity,UnitPrice,Discount,SalesAmount
1,2022-01-01,1051,Customer_34,219,Product_45,Clothing,South,5,490.81,0.1,2208.6450000000004
2,2022-01-02,1092,Customer_8,232,Product_20,Clothing,South,2,466.92,0.23,719.0568000000001
3,2022-01-03,1014,Customer_40,273,Product_17,Clothing,East,7,467.59,0.02,3207.6674
4,2022-01-04,1071,Customer_83,239,Product_7,Clothing,North,2,207.09,0.2,331.34400000000005
5,2022-01-05,1060,Customer_42,231,Product_4,Clothing,South,4,239.71,0.24,728.7184000000001
6,2022-01-06,1020,Customer_41,296,Product_29,Electronics,North,7,355.76,0.2,1992.2559999999999
7,2022-01-07,1082,Customer_6,201,Product_14,Furniture,South,4,461.87,0.15,1570.358
8,2022-01-08,1086,Customer_52,296,Product_3,Clothing,North,7,79.58,0.29,395.51259999999996
9,2022-01-09,1074,Customer_26,232,Product_24,Clothing,West,7,159.08,0.09,1013.3396000000002
10,2022-01-10,1074,Customer_64,276,Product_37,Furniture,East,1,78.23,0.01,77.4477
11,2022-01-11,1087,Customer_98,229,Product_16,Electronics,North,6,309.88,0.13,1617.5736
12,2022-01-12,1099,Customer_59,232,Product_4,Furniture,West,9,160.09,0.01,1426.4018999999998
13,2022-01-13,1023,Customer_56,276,Product_24,Furniture,North,2,169.79,0.29,241.10179999999997
14,2022-01-14,1002,Customer_59,225,Product_34,Clothing,North,3,44.75,0.06,126.195
15,2022-01-15,1021,Customer_70,221,Product_30,Furniture,West,5,181.4,0.24,689.32
16,2022-01-16,1052,Customer_33,265,Product_18,Furniture,North,9,432.62,0.23,2998.0566
17,2022-01-17,1001,Customer_53,237,Product_19,Clothing,North,4,124.21,0.07,462.06119999999993
18,2022-01-18,1087,Customer_22,289,Product_31,Clothing,East,1,350.64,0.19,284.0184
19,2022-01-19,1029,Customer_21,245,Product_19,Clothing,West,4,318.52,0.01,1261.3392
20,2022-01-20,1037,Customer_70,214,Product_49,Clothing,West,6,433.11,0.15,2208.861
21,2022-01-21,1001,Customer_70,297,Product_46,Furniture,South,5,74.82,0.0,374.09999999999997
22,2022-01-22,1063,Customer_4,243,Product_19,Furniture,North,1,489.02,0.28,352.09439999999995
23,2022-01-23,1059,Customer_94,248,Product_22,Electronics,East,4,295.49,0.29,839.1916
24,2022-01-24,1020,Customer_75,274,Product_24,Electronics,North,6,497.78,0.07,2777.6123999999995
25,2022-01-25,1032,Customer_62,260,Product_45,Furniture,North,4,456.64,0.06,1716.9663999999998
26,2022-01-26,1075,Customer_62,266,Product_12,Electronics,South,9,118.54,0.23,821.4822000000001
27,2022-01-27,1057,Customer_94,205,Product_30,Furniture,North,5,37.52,0.08,172.59200000000004
28,2022-01-28,1021,Customer_95,208,Product_38,Electronics,East,8,135.26,0.27,789.9183999999999
29,2022-01-29,1088,Customer_24,205,Product_31,Clothing,East,9,268.51,0.17,2005.7697
30,2022-01-30,1048,Customer_55,272,Product_36,Electronics,South,5,94.08,0.11,418.656
31,2022-01-31,1090,Customer_9,294,Product_19,Clothing,North,6,92.06,0.25,414.27
32,2022-02-01,1058,Customer_3,231,Product_48,Clothing,East,1,236.67,0.15,201.16949999999997
33,2022-02-02,1041,Customer_31,240,Product_45,Clothing,North,7,26.3,0.27,134.393
34,2022-02-03,1091,Customer_40,275,Product_36,Clothing,North,4,69.73,0.28,200.82240000000002
35,2022-02-04,1059,Customer_36,207,Product_30,Electronics,North,2,213.77,0.05,406.163
36,2022-02-05,1079,Customer_24,271,Product_49,Furniture,South,5,40.93,0.0,204.65
37,2022-02-06,1014,Customer_95,249,Product_33,Clothing,North,3,204.41,0.3,429.26099999999997
38,2022-02-07,1061,Customer_6,291,Product_18,Electronics,East,6,242.26,0.27,1061.0988
39,2022-02-08,1061,Customer_66,261,Product_49,Clothing,North,8,231.12,0.02,1811.9808
40,2022-02-09,1046,Customer_84,283,Product_28,Electronics,East,7,435.9,0.25,2288.475
41,2022-02-10,1061,Customer_92,261,Product_47,Electronics,North,3,269.73,0.14,695.9034
42,2022-02-11,1050,Customer_75,206,Product_11,Electronics,East,8,239.31,0.08,1761.3216
43,2022-02-12,1054,Customer_4,274,Product_45,Furniture,East,2,211.25,0.26,312.65
44,2022-02-13,1063,Customer_79,283,Product_33,Electronics,North,9,410.64,0.06,3474.0143999999996
45,2022-02-14,1002,Customer_6,279,Product_17,Electronics,North,4,448.58,0.28,1291.9104
46,2022-02-15,1050,Customer_94,203,Product_6,Furniture,East,1,428.09,0.06,402.40459999999996
47,2022-02-16,1006,Customer_51,205,Product_4,Furniture,West,8,340.04,0.18,2230.6624
48,2022-02-17,1020,Customer_62,257,Product_20,Electronics,South,7,77.31,0.07,503.28810000000004
49,2022-02-18,1072,Customer_57,221,Product_48,Furniture,West,5,145.67,0.16,611.8139999999999
50,2022-02-19,1038,Customer_66,225,Product_47,Clothing,West,5,32.57,0.21,128.6515
51,2022-02-20,1017,Customer_79,202,Product_27,Clothing,North,7,466.1,0.06,3066.938
52,2022-02-21,1003,Customer_75,240,Product_15,Furniture,South,5,333.79,0.16,1401.918
53,2022-02-22,1088,Customer_8,259,Product_6,Furniture,West,8,375.72,0.14,2584.9536000000003
54,2022-02-23,1059,Customer_26,213,Product_47,Electronics,North,6,162.67,0.02,956.4996
55,2022-02-24,1013,Customer_51,274,Product_14,Furniture,West,5,424.37,0.25,1591.3874999999998
56,2022-02-25,1008,Customer_45,281,Product_11,Electronics,West,9,137.21,0.1,1111.401
57,2022-02-26,1089,Customer_44,211,Product_39,Clothing,North,2,10.81,0.17,17.9446
58,2022-02-27,1052,Customer_5,286,Product_9,Furniture,North,1,194.44,0.15,165.274
59,2022-02-28,1001,Customer_70,211,Product_26,Electronics,North,8,289.67,0.15,1969.756
60,2022-03-01,1083,Customer_26,212,Product_16,Electronics,South,3,244.57,0.03,711.6987
61,2022-03-02,1091,Customer_68,224,Product_5,Clothing,West,7,432.42,0.13,2633.4378
62,2022-03-03,1059,Customer_19,244,Product_10,Furniture,North,8,61.65,0.14,424.152
63,2022-03-04,1070,Customer_84,218,Product_3,Clothing,East,6,281.37,0.22,1316.8116
64,2022-03-05,1043,Customer_97,254,Product_13,Electronics,West,9,261.36,0.25,1764.1800000000003
65,2022-03-06,1007,Customer_20,299,Product_43,Electronics,East,7,147.88,0.16,869.5343999999999
66,2022-03-07,1046,Customer_12,244,Product_49,Furniture,South,5,412.89,0.03,2002.5164999999997
67,2022-03-08,1034,Customer_47,207,Product_30,Electronics,North,8,378.9,0.07,2819.0159999999996
68,2022-03-09,1077,Customer_1,292,Product_45,Furniture,East,2,369.1,0.05,701.29
69,2022-03-10,1080,Customer_90,252,Product_6,Clothing,South,7,439.33,0.04,2952.2976
70,2022-03-11,1035,Customer_14,254,Product_17,Furniture,North,4,364.16,0.11,1296.4096000000002
71,2022-03-12,1049,Customer_64,231,Product_45,Furniture,East,9,123.6,0.07,1034.5319999999997
72,2022-03-13,1003,Customer_38,250,Product_19,Electronics,East,1,355.73,0.07,330.8289
73,2022-03-14,1001,Customer_37,243,Product_42,Electronics,South,7,160.77,0.02,1102.8822
74,2022-03-15,1005,Customer_11,281,Product_35,Furniture,North,6,128.67,0.01,764.2998
75,2022-03-16,1053,Customer_77,269,Product_46,Electronics,North,8,45.77,0.03,355.1752
76,2022-03-17,1003,Customer_3,217,Product_26,Electronics,East,5,374.57,0.05,1779.2074999999998
77,2022-03-18,1053,Customer_33,282,Product_5,Electronics,East,1,358.39,0.13,311.79929999999996
78,2022-03-19,1092,Customer_6,221,Product_29,Furniture,East,1,124.9,0.15,106.165
79,2022-03-20,1062,Customer_50,236,Product_37,Electronics,North,9,377.2,0.04,3259.008
80,2022-03-21,1017,Customer_10,295,Product_20,Furniture,South,6,459.74,0.13,2399.8428
81,2022-03-22,1089,Customer_5,255,Product_49,Electronics,South,5,62.93,0.1,283.185
82,2022-03-23,1043,Customer_23,258,Product_21,Clothing,North,1,123.99,0.06,116.55059999999999
83,2022-03-24,1033,Customer_10,202,Product_10,Electronics,West,6,377.63,0.0,2265.7799999999997
84,2022-03-25,1073,Customer_44,227,Product_5,Electronics,South,6,144.51,0.14,745.6715999999999
85,2022-03-26,1061,Customer_2,273,Product_36,Furniture,East,3,316.09,0.21,749.1333
86,2022-03-27,1099,Customer_13,234,Product_6,Furniture,West,8,49.77,0.07,370.2888
87,2022-03-28,1013,Customer_40,260,Product_26,Electronics,West,1,231.58,0.04,222.3168
88,2022-03-29,1094,Customer_2,292,Product_4,Clothing,South,1,372.15,0.27,271.66949999999997
89,2022-03-30,1047,Customer_84,253,Product_39,Electronics,West,6,346.39,0.08,1912.0728000000001
90,2022-03-31,1014,Customer_65,262,Product_39,Electronics,West,1,409.39,0.07,380.73269999999997
91,2022-04-01,1071,Customer_63,278,Product_35,Clothing,South,6,439.95,0.26,1953.378
92,2022-04-02,1077,Customer_73,296,Product_1,Furniture,South,1,388.86,0.25,291.645
93,2022-04-03,1086,Customer_17,206,Product_24,Electronics,West,6,339.08,0.13,1769.9976
94,2022-04-04,1061,Customer_9,275,Product_36,Furniture,East,3,25.54,0.15,65.127
95,2022-04-05,1039,Customer_75,248,Product_6,Furniture,North,8,272.13,0.07,2024.6471999999999
96,2022-04-06,1084,Customer_15,293,Product_41,Clothing,West,6,28.47,0.02,167.40359999999998
97,2022-04-07,1079,Customer_24,284,Product_46,Clothing,West,1,405.95,0.17,336.9385
98,2022-04-08,1081,Customer_38,230,Product_44,Furniture,East,5,167.16,0.03,810.7259999999999
99,2022-04-09,1052,Customer_35,257,Product_31,Electronics,West,8,285.59,0.13,1987.7063999999998
100,2022-04-10,1023,Customer_94,260,Product_20,Furniture,West,3,146.93,0.28,317.3688
101,2022-04-11,1025,Customer_95,223,Product_24,Electronics,North,6,393.43,0.29,1676.0117999999998
102,2022-04-12,1088,Customer_49,219,Product_25,Electronics,North,5,444.39,0.07,2066.4134999999997
103,2022-04-13,1059,Customer_69,236,Product_36,Clothing,North,6,205.33,0.19,997.9038
104,2022-04-14,1040,Customer_62,203,Product_21,Electronics,South,1,432.83,0.14,372.2338
105,2022-04-15,1028,Customer_60,291,Product_30,Electronics,South,7,140.87,0.26,729.7066
106,2022-04-16,1014,Customer_50,219,Product_24,Furniture,North,9,271.98,0.08,2251.9944
107,2022-04-17,1044,Customer_78,259,Product_44,Clothing,North,2,430.79,0.0,861.58
108,2022-04-18,1064,Customer_75,223,Product_42,Electronics,South,5,169.68,0.05,805.98
109,2022-04-19,1088,Customer_9,249,Product_30,Electronics,East,4,477.48,0.1,1718.928
110,2022-04-20,1070,Customer_34,248,Product_22,Clothing,West,6,69.72,0.09,380.6712
111,2022-04-21,1008,Customer_76,250,Product_28,Furniture,West,6,18.95,0.24,86.41199999999999
112,2022-04-22,1087,Customer_99,295,Product_7,Clothing,North,2,453.03,0.2,724.848
113,2022-04-23,1000,Customer_35,235,Product_35,Clothing,East,2,43.64,0.09,79.4248
114,2022-04-24,1007,Customer_1,297,Product_28,Electronics,South,4,496.03,0.14,1706.3431999999998
115,2022-04-25,1087,Customer_40,299,Product_14,Electronics,North,1,476.18,0.03,461.89459999999997
116,2022-04-26,1062,Customer_64,265,Product_10,Furniture,East,9,77.14,0.27,506.8098
117,2022-04-27,1010,Customer_22,278,Product_16,Electronics,East,7,273.42,0.28,1378.0368
118,2022-04-28,1080,Customer_60,233,Product_16,Electronics,East,7,100.61,0.29,500.03169999999994
119,2022-04-29,1007,Customer_64,235,Product_31,Clothing,South,3,219.8,0.26,487.9560000000001
120,2022-04-30,1034,Customer_93,205,Product_42,Electronics,South,3,40.1,0.05,114.28500000000001
121,2022-05-01,1034,Customer_72,238,Product_25,Furniture,West,1,119.72,0.01,118.5228
122,2022-05-02,1032,Customer_11,241,Product_13,Clothing,West,3,188.0,0.17,468.12
123,2022-05-03,1004,Customer_14,257,Product_6,Furniture,East,3,224.94,0.27,492.61859999999996
124,2022-05-04,1040,Customer_60,211,Product_44,Clothing,East,4,488.97,0.05,1858.086
125,2022-05-05,1027,Customer_30,202,Product_9,Electronics,South,4,405.85,0.0,1623.4
126,2022-05-06,1006,Customer_35,217,Product_45,Clothing,West,3,371.33,0.24,846.6324
127,2022-05-07,1072,Customer_85,239,Product_36,Clothing,East,8,273.15,0.02,2141.4959999999996
128,2022-05-08,1071,Customer_37,220,Product_43,Electronics,West,8,421.6,0.12,2968.0640000000003
129,2022-05-09,1011,Customer_5,214,Product_20,Electronics,West,1,176.27,0.2,141.01600000000002
130,2022-05-10,1033,Customer_83,296,Product_18,Furniture,East,7,357.36,0.07,2326.4136
131,2022-05-11,1032,Customer_78,298,Product_43,Furniture,South,2,496.95,0.03,964.083
132,2022-05-12,1047,Customer_26,225,Product_21,Electronics,East,1,164.17,0.23,126.4109
133,2022-05-13,1022,Customer_62,207,Product_4,Electronics,East,3,340.27,0.19,826.8561
134,2022-05-14,1061,Customer_4,299,Product_33,Electronics,West,4,423.71,0.3,1186.388
135,2022-05-15,1087,Customer_89,293,Product_27,Clothing,East,6,458.75,0.1,2477.25
136,2022-05-16,1036,Customer_42,286,Product_7,Clothing,South,5,361.79,0.02,1772.771
137,2022-05-17,1098,Customer_89,241,Product_6,Clothing,East,4,148.97,0.22,464.7864
138,2022-05-18,1043,Customer_18,243,Product_15,Electronics,South,8,169.88,0.16,1141.5936
139,2022-05-19,1085,Customer_40,213,Product_18,Furniture,South,4,20.17,0.06,75.8392
140,2022-05-20,1090,Customer_72,277,Product_32,Electronics,West,2,382.83,0.23,589.5581999999999
141,2022-05-21,1034,Customer_39,201,Product_11,Clothing,North,3,30.94,0.06,87.2508
142,2022-05-22,1064,Customer_14,236,Product_20,Clothing,North,6,433.68,0.08,2393.9136
143,2022-05-23,1098,Customer_32,268,Product_24,Electronics,West,8,68.14,0.03,528.7664
144,2022-05-24,1046,Customer_51,237,Product_15,Electronics,East,8,94.22,0.12,663.3088
145,2022-05-25,1077,Customer_38,240,Product_48,Clothing,West,9,243.5,0.13,1906.605
146,2022-05-26,1002,Customer_97,261,Product_7,Clothing,South,7,371.56,0.15,2210.782
147,2022-05-27,1000,Customer_23,259,Product_21,Clothing,North,2,78.11,0.21,123.41380000000001
148,2022-05-28,1004,Customer_63,213,Product_42,Electronics,West,8,225.63,0.27,1317.6792
149,2022-05-29,1089,Customer_15,288,Product_26,Clothing,East,7,246.6,0.04,1657.152
150,2022-05-30,1013,Customer_97,283,Product_44,Clothing,West,8,114.02,0.02,893.9168
151,2022-05-31,1026,Customer_25,201,Product_14,Furniture,North,3,66.62,0.01,197.8614
152,2022-06-01,1008,Customer_17,269,Product_37,Electronics,West,7,419.85,0.04,2821.3920000000003
153,2022-06-02,1078,Customer_97,216,Product_21,Furniture,West,9,256.21,0.2,1844.712
154,2022-06-03,1014,Customer_66,288,Product_18,Furniture,North,3,17.05,0.22,39.897000000000006
155,2022-06-04,1089,Customer_78,227,Product_5,Clothing,South,6,403.46,0.24,1839.7776
156,2022-06-05,1041,Customer_53,265,Product_3,Electronics,South,2,490.59,0.07,912.4973999999999
157,2022-06-06,1076,Customer_51,234,Product_23,Clothing,North,2,306.9,0.09,558.558
158,2022-06-07,1050,Customer_39,204,Product_26,Electronics,West,5,256.82,0.14,1104.3259999999998
159,2022-06-08,1062,Customer_51,264,Product_37,Furniture,North,5,440.42,0.02,2158.058
160,2022-06-09,1095,Customer_70,239,Product_24,Electronics,South,7,476.73,0.18,2736.4302000000002
161,2022-06-10,1051,Customer_6,275,Product_49,Clothing,East,2,379.72,0.3,531.6080000000001
162,2022-06-11,1095,Customer_67,255,Product_19,Clothing,West,7,228.27,0.11,1422.1221
163,2022-06-12,1003,Customer_7,235,Product_25,Clothing,South,5,300.19,0.23,1155.7315
164,2022-06-13,1093,Customer_51,244,Product_21,Electronics,West,6,353.46,0.15,1802.6459999999997
165,2022-06-14,1022,Customer_72,222,Product_12,Furniture,North,8,105.19,0.04,807.8592
166,2022-06-15,1014,Customer_42,246,Product_41,Furniture,East,4,229.13,0.17,760.7116
167,2022-06-16,1042,Customer_64,230,Product_33,Electronics,North,7,416.61,0.09,2653.8057
168,2022-06-17,1028,Customer_15,210,Product_4,Clothing,East,6,330.82,0.01,1965.0708
169,2022-06-18,1035,Customer_29,209,Product_42,Furniture,West,2,211.49,0.19,342.6138
170,2022-06-19,1012,Customer_33,266,Product_7,Clothing,West,8,335.05,0.26,1983.496
171,2022-06-20,1031,Customer_94,213,Product_22,Electronics,North,9,67.93,0.1,550.2330000000002
172,2022-06-21,1070,Customer_27,279,Product_33,Clothing,East,5,206.73,0.12,909.6119999999999
173,2022-06-22,1058,Customer_36,273,Product_17,Furniture,East,4,398.63,0.27,1163.9995999999999
174,2022-06-23,1085,Customer_29,292,Product_24,Furniture,West,6,118.05,0.24,538.308
175,2022-06-24,1027,Customer_38,209,Product_34,Clothing,North,8,101.12,0.21,639.0784000000001
176,2022-06-25,1065,Customer_57,275,Product_28,Electronics,East,3,475.9,0.07,1327.7609999999997
177,2022-06-26,1041,Customer_97,293,Product_43,Clothing,West,1,112.85,0.27,82.3805
178,2022-06-27,1044,Customer_27,200,Product_41,Electronics,South,4,137.85,0.05,523.8299999999999
179,2022-06-28,1061,Customer_55,204,Product_39,Clothing,North,4,485.11,0.19,1571.7564000000002
180,2022-06-29,1056,Customer_33,219,Product_22,Furniture,South,1,370.01,0.01,366.30989999999997
181,2022-06-30,1005,Customer_68,207,Product_49,Electronics,North,9,352.8,0.19,2571.9120000000003
182,2022-07-01,1027,Customer_86,242,Product_17,Electronics,West,3,427.93,0.08,1181.0868
183,2022-07-02,1027,Customer_66,275,Product_34,Electronics,East,5,66.75,0.13,290.3625
184,2022-07-03,1043,Customer_10,200,Product_6,Furniture,East,6,355.92,0.1,1921.968
185,2022-07-04,1083,Customer_5,256,Product_46,Clothing,East,8,256.81,0.05,1951.7559999999999
186,2022-07-05,1029,Customer_74,263,Product_6,Furniture,North,6,416.28,0.19,2023.1208
187,2022-07-06,1061,Customer_97,283,Product_34,Electronics,West,3,258.99,0.26,574.9578
188,2022-07-07,1074,Customer_38,227,Product_1,Clothing,South,6,313.92,0.29,1337.2992
189,2022-07-08,1091,Customer_13,236,Product_10,Furniture,West,1,244.09,0.06,229.44459999999998
190,2022-07-09,1088,Customer_31,246,Product_21,Electronics,South,4,244.3,0.22,762.216
191,2022-07-10,1061,Customer_47,275,Product_5,Electronics,North,6,386.31,0.2,1854.2880000000002
192,2022-07-11,1096,Customer_88,236,Product_2,Furniture,North,7,318.0,0.1,2003.4
193,2022-07-12,1000,Customer_52,248,Product_22,Furniture,South,3,320.3,0.01,951.291
194,2022-07-13,1026,Customer_56,243,Product_48,Furniture,South,9,230.64,0.21,1639.8503999999998
195,2022-07-14,1061,Customer_15,255,Product_2,Electronics,South,7,270.24,0.28,1362.0096
196,2022-07-15,1076,Customer_29,227,Product_10,Furniture,West,1,375.4,0.19,304.074
197,2022-07-16,1002,Customer_8,278,Product_34,Electronics,South,2,414.71,0.13,721.5953999999999
198,2022-07-17,1069,Customer_5,205,Product_16,Furniture,North,1,351.32,0.16,295.1088
199,2022-07-18,1071,Customer_29,260,Product_48,Electronics,North,9,462.8,0.06,3915.2879999999996
200,2022-07-19,1026,Customer_47,219,Product_39,Electronics,East,9,411.96,0.23,2854.8828
201,2022-07-20,1008,Customer_68,277,Product_22,Clothing,South,7,285.31,0.22,1557.7926000000002
202,2022-07-21,1061,Customer_76,201,Product_12,Furniture,West,3,338.99,0.04,976.2912
203,2022-07-22,1036,Customer_45,272,Product_24,Furniture,West,5,463.89,0.26,1716.3929999999998
204,2022-07-23,1096,Customer_2,236,Product_47,Electronics,West,4,313.39,0.08,1153.2752
205,2022-07-24,1050,Customer_27,219,Product_40,Electronics,East,7,414.16,0.29,2058.3752
206,2022-07-25,1043,Customer_95,225,Product_38,Electronics,North,9,347.52,0.11,2783.6351999999997
207,2022-07-26,1023,Customer_36,228,Product_10,Clothing,West,2,280.45,0.05,532.8549999999999
208,2022-07-27,1078,Customer_36,200,Product_35,Clothing,North,8,128.5,0.11,914.92
209,2022-07-28,1058,Customer_26,234,Product_49,Electronics,East,9,218.74,0.13,1712.7342
210,2022-07-29,1031,Customer_43,269,Product_32,Furniture,South,9,484.19,0.02,4270.5558
211,2022-07-30,1095,Customer_27,258,Product_7,Furniture,South,7,332.31,0.17,1930.7211
212,2022-07-31,1087,Customer_69,268,Product_21,Clothing,South,9,286.55,0.18,2114.7390000000005
213,2022-08-01,1051,Customer_20,232,Product_20,Clothing,West,9,467.15,0.22,3279.3929999999996
214,2022-08-02,1061,Customer_11,250,Product_26,Electronics,South,3,297.39,0.01,883.2483
215,2022-08-03,1057,Customer_74,277,Product_4,Furniture,West,4,267.78,0.16,899.7407999999999
216,2022-08-04,1051,Customer_38,211,Product_46,Electronics,East,2,382.06,0.02,748.8376
217,2022-08-05,1011,Customer_6,219,Product_22,Clothing,East,3,359.21,0.21,851.3276999999999
218,2022-08-06,1038,Customer_72,252,Product_15,Furniture,West,5,104.65,0.02,512.785
219,2022-08-07,1001,Customer_23,287,Product_40,Furniture,North,5,240.94,0.27,879.431
220,2022-08-08,1002,Customer_47,242,Product_21,Clothing,South,6,241.53,0.21,1144.8522
221,2022-08-09,1055,Customer_90,297,Product_15,Electronics,South,7,195.33,0.15,1162.2135
222,2022-08-10,1080,Customer_46,288,Product_22,Electronics,South,7,263.47,0.13,1604.5323
223,2022-08-11,1058,Customer_12,249,Product_28,Furniture,West,1,212.42,0.04,203.92319999999998
224,2022-08-12,1001,Customer_90,228,Product_14,Clothing,East,2,107.68,0.09,195.97760000000002
225,2022-08-13,1001,Customer_13,256,Product_27,Furniture,South,9,212.06,0.26,1412.3196
226,2022-08-14,1091,Customer_62,238,Product_41,Clothing,East,2,45.42,0.27,66.3132
227,2022-08-15,1053,Customer_82,294,Product_40,Electronics,South,6,292.14,0.0,1752.84
228,2022-08-16,1086,Customer_89,255,Product_28,Clothing,South,1,428.29,0.18,351.19780000000003
229,2022-08-17,1095,Customer_97,242,Product_26,Electronics,West,3,365.39,0.22,855.0126000000001
230,2022-08-18,1096,Customer_60,249,Product_49,Clothing,North,2,186.59,0.19,302.2758
231,2022-08-19,1000,Customer_43,222,Product_2,Furniture,West,3,52.66,0.02,154.82039999999998
232,2022-08-20,1018,Customer_76,243,Product_25,Electronics,South,5,109.05,0.07,507.0825
233,2022-08-21,1001,Customer_68,237,Product_3,Furniture,South,6,277.29,0.08,1530.6408000000004
234,2022-08-22,1052,Customer_5,283,Product_8,Furniture,North,9,111.46,0.25,752.355
235,2022-08-23,1043,Customer_37,222,Product_44,Electronics,East,4,276.55,0.14,951.332
236,2022-08-24,1089,Customer_72,244,Product_33,Electronics,East,7,123.48,0.15,734.706
237,2022-08-25,1031,Customer_92,251,Product_42,Furniture,South,6,425.97,0.28,1840.1904
238,2022-08-26,1069,Customer_31,279,Product_35,Furniture,East,2,204.66,0.19,331.54920000000004
239,2022-08-27,1031,Customer_9,249,Product_6,Furniture,South,8,130.32,0.27,761.0687999999999
240,2022-08-28,1067,Customer_51,207,Product_39,Furniture,North,7,408.04,0.14,2456.4008000000003
241,2022-08-29,1054,Customer_29,284,Product_23,Electronics,North,7,177.99,0.04,1196.0928000000001
242,2022-08-30,1074,Customer_78,200,Product_25,Electronics,South,8,64.63,0.28,372.26879999999994
243,2022-08-31,1055,Customer_40,207,Product_43,Furniture,North,1,289.5,0.14,248.97
244,2022-09-01,1016,Customer_41,228,Product_19,Clothing,West,1,294.97,0.05,280.2215
245,2022-09-02,1037,Customer_86,295,Product_5,Clothing,West,8,360.2,0.09,2622.256
246,2022-09-03,1023,Customer_11,204,Product_11,Electronics,North,4,127.71,0.02,500.62319999999994
247,2022-09-04,1068,Customer_23,285,Product_12,Furniture,South,5,227.45,0.14,978.035
248,2022-09-05,1097,Customer_1,246,Product_10,Furniture,South,8,148.36,0.26,878.2912000000001
249,2022-09-06,1069,Customer_46,233,Product_8,Electronics,North,5,49.67,0.28,178.812
250,2022-09-07,1085,Customer_21,264,Product_24,Clothing,East,4,439.54,0.28,1265.8752
251,2022-09-08,1010,Customer_90,254,Product_28,Clothing,West,6,367.15,0.04,2114.7839999999997
252,2022-09-09,1015,Customer_36,289,Product_41,Clothing,East,5,157.72,0.11,701.854
253,2022-09-10,1096,Customer_54,242,Product_36,Electronics,South,7,303.69,0.01,2104.5717
254,2022-09-11,1072,Customer_87,273,Product_37,Clothing,South,7,108.62,0.26,562.6516
255,2022-09-12,1058,Customer_57,229,Product_21,Electronics,East,4,446.22,0.11,1588.5432
256,2022-09-13,1069,Customer_1,281,Product_8,Electronics,North,5,66.3,0.19,268.51500000000004
257,2022-09-14,1079,Customer_63,216,Product_9,Furniture,East,3,11.88,0.21,28.155600000000003
258,2022-09-15,1092,Customer_54,225,Product_47,Clothing,East,4,255.98,0.13,890.8104
259,2022-09-16,1002,Customer_55,207,Product_15,Electronics,West,4,295.73,0.09,1076.4572
260,2022-09-17,1019,Customer_40,246,Product_48,Clothing,West,3,293.69,0.29,625.5596999999999
261,2022-09-18,1058,Customer_15,275,Product_46,Clothing,East,5,36.71,0.29,130.3205
262,2022-09-19,1035,Customer_21,290,Product_40,Furniture,East,5,163.88,0.09,745.654
263,2022-09-20,1018,Customer_47,271,Product_18,Clothing,South,7,254.61,0.14,1532.7522
264,2022-09-21,1089,Customer_73,288,Product_42,Furniture,West,4,116.12,0.29,329.7808
265,2022-09-22,1066,Customer_53,245,Product_20,Electronics,West,4,437.59,0.0,1750.36
266,2022-09-23,1018,Customer_9,267,Product_6,Clothing,South,9,52.68,0.12,417.2256
267,2022-09-24,1019,Customer_74,232,Product_12,Electronics,North,6,248.82,0.03,1448.1324
268,2022-09-25,1095,Customer_52,200,Product_2,Clothing,West,4,348.79,0.15,1185.886
269,2022-09-26,1070,Customer_57,218,Product_7,Electronics,West,2,138.26,0.01,273.7548
270,2022-09-27,1051,Customer_26,230,Product_16,Clothing,North,6,315.88,0.12,1667.8464
271,2022-09-28,1032,Customer_41,279,Product_3,Clothing,West,2,416.4,0.07,774.5039999999999
272,2022-09-29,1039,Customer_35,213,Product_45,Clothing,West,5,103.27,0.16,433.734
273,2022-09-30,1038,Customer_63,252,Product_3,Clothing,North,6,459.44,0.3,1929.6479999999997
274,2022-10-01,1081,Customer_25,247,Product_27,Clothing,North,4,281.24,0.24,854.9696
275,2022-10-02,1000,Customer_90,268,Product_43,Clothing,East,3,156.62,0.25,352.395
276,2022-10-03,1010,Customer_75,289,Product_40,Clothing,South,7,221.12,0.19,1253.7504000000001
277,2022-10-04,1091,Customer_38,261,Product_38,Clothing,South,2,162.97,0.01,322.68059999999997
278,2022-10-05,1056,Customer_2,291,Product_33,Clothing,North,6,365.3,0.06,2060.292
279,2022-10-06,1088,Customer_7,265,Product_28,Electronics,North,4,400.19,0.28,1152.5472
280,2022-10-07,1049,Customer_82,263,Product_1,Furniture,West,6,418.14,0.11,2232.8676
281,2022-10-08,1022,Customer_91,269,Product_8,Clothing,East,4,493.03,0.03,1912.9563999999998
282,2022-10-09,1030,Customer_34,262,Product_37,Furniture,East,4,397.73,0.21,1256.8268
283,2022-10-10,1093,Customer_91,272,Product_32,Clothing,North,4,304.68,0.09,1109.0352
284,2022-10-11,1041,Customer_17,232,Product_48,Clothing,West,9,176.22,0.08,1459.1016000000002
285,2022-10-12,1098,Customer_43,240,Product_43,Electronics,West,7,276.85,0.3,1356.565
286,2022-10-13,1006,Customer_59,288,Product_37,Electronics,South,3,30.12,0.26,66.8664
287,2022-10-14,1015,Customer_51,247,Product_4,Furniture,South,3,374.96,0.12,989.8943999999999
288,2022-10-15,1089,Customer_54,212,Product_30,Electronics,West,6,228.52,0.29,973.4952000000001
289,2022-10-16,1059,Customer_24,272,Product_6,Electronics,South,6,19.81,0.2,95.088
290,2022-10-17,1001,Customer_25,276,Product_46,Furniture,North,4,40.63,0.22,126.7656
291,2022-10-18,1000,Customer_71,230,Product_19,Electronics,West,9,199.86,0.01,1780.7526000000003
292,2022-10-19,1047,Customer_52,274,Product_32,Clothing,South,4,295.88,0.04,1136.1792
293,2022-10-20,1011,Customer_70,267,Product_9,Furniture,East,9,237.46,0.19,1731.0834
294,2022-10-21,1068,Customer_88,297,Product_12,Furniture,West,4,313.41,0.27,915.1572000000001
295,2022-10-22,1036,Customer_33,203,Product_11,Clothing,West,2,245.34,0.19,397.4508
296,2022-10-23,1031,Customer_49,218,Product_46,Electronics,East,2,334.23,0.04,641.7216
297,2022-10-24,1008,Customer_29,269,Product_16,Furniture,North,5,117.37,0.03,569.2445
298,2022-10-25,1098,Customer_63,297,Product_1,Furniture,East,4,65.29,0.25,195.87
299,2022-10-26,1018,Customer_22,281,Product_45,Clothing,West,7,302.25,0.04,2031.12
300,2022-10-27,1047,Customer_26,212,Product_21,Clothing,North,5,247.5,0.16,1039.5
301,2022-10-28,1079,Customer_28,222,Product_30,Electronics,South,6,23.17,0.01,137.62980000000002
302,2022-10-29,1002,Customer_85,282,Product_13,Furniture,South,4,196.44,0.02,770.0448
303,2022-10-30,1019,Customer_49,274,Product_34,Electronics,South,2,62.0,0.2,99.2
304,2022-10-31,1023,Customer_71,200,Product_4,Electronics,West,9,270.36,0.21,1922.2596000000003
305,2022-11-01,1053,Customer_81,287,Product_28,Clothing,East,7,203.93,0.1,1284.759
306,2022-11-02,1032,Customer_84,253,Product_38,Furniture,North,4,310.44,0.06,1167.2544
307,2022-11-03,1023,Customer_49,270,Product_31,Furniture,South,3,404.75,0.24,922.83
308,2022-11-04,1074,Customer_20,288,Product_27,Furniture,North,3,156.84,0.07,437.58359999999993
309,2022-11-05,1071,Customer_86,284,Product_5,Clothing,West,9,481.43,0.16,3639.6108
310,2022-11-06,1035,Customer_92,214,Product_25,Clothing,South,5,272.46,0.29,967.233
311,2022-11-07,1037,Customer_63,264,Product_3,Clothing,West,3,312.96,0.04,901.3247999999999
312,2022-11-08,1083,Customer_61,275,Product_33,Clothing,East,5,343.53,0.28,1236.7079999999999
313,2022-11-09,1098,Customer_49,270,Product_4,Clothing,West,2,336.7,0.05,639.7299999999999
314,2022-11-10,1088,Customer_71,214,Product_25,Furniture,West,4,260.38,0.17,864.4616
315,2022-11-11,1098,Customer_1,220,Product_20,Electronics,East,2,220.09,0.11,391.7602
316,2022-11-12,1024,Customer_96,218,Product_34,Furniture,North,2,36.35,0.29,51.617
317,2022-11-13,1092,Customer_13,259,Product_26,Electronics,East,8,20.82,0.08,153.23520000000002
318,2022-11-14,1017,Customer_94,292,Product_5,Clothing,East,1,185.4,0.12,163.15200000000002
319,2022-11-15,1081,Customer_87,288,Product_35,Electronics,West,7,173.49,0.29,862.2453
320,2022-11-16,1065,Customer_51,232,Product_28,Furniture,North,5,199.97,0.16,839.874
321,2022-11-17,1053,Customer_56,248,Product_29,Furniture,South,8,77.8,0.15,529.04
322,2022-11-18,1034,Customer_83,295,Product_9,Electronics,East,1,371.7,0.08,341.964
323,2022-11-19,1079,Customer_62,234,Product_38,Clothing,North,7,429.91,0.21,2377.4023
324,2022-11-20,1060,Customer_32,243,Product_6,Clothing,East,5,469.97,0.0,2349.8500000000004
325,2022-11-21,1040,Customer_30,289,Product_19,Furniture,East,4,251.26,0.01,994.9896
326,2022-11-22,1099,Customer_29,210,Product_44,Electronics,East,7,353.42,0.18,2028.6308000000001
327,2022-11-23,1032,Customer_49,298,Product_11,Clothing,East,2,429.22,0.1,772.5960000000001
328,2022-11-24,1067,Customer_45,271,Product_2,Clothing,West,1,214.96,0.29,152.6216
329,2022-11-25,1032,Customer_93,277,Product_47,Furniture,North,1,161.61,0.27,117.9753
330,2022-11-26,1013,Customer_30,273,Product_44,Clothing,North,1,469.0,0.21,370.51
331,2022-11-27,1020,Customer_16,265,Product_44,Electronics,North,5,262.68,0.25,985.0500000000001
332,2022-11-28,1047,Customer_40,245,Product_9,Furniture,East,7,253.65,0.2,1420.44
333,2022-11-29,1019,Customer_19,208,Product_21,Furniture,West,2,97.42,0.04,187.0464
334,2022-11-30,1007,Customer_18,202,Product_24,Electronics,East,8,63.0,0.23,388.08
335,2022-12-01,1006,Customer_1,284,Product_34,Furniture,East,4,422.63,0.06,1589.0888
336,2022-12-02,1066,Customer_78,225,Product_22,Clothing,North,3,310.93,0.1,839.511
337,2022-12-03,1016,Customer_47,271,Product_3,Clothing,East,8,169.65,0.25,1017.9000000000001
338,2022-12-04,1032,Customer_66,247,Product_12,Electronics,South,2,103.95,0.16,174.636
339,2022-12-05,1047,Customer_92,265,Product_28,Clothing,East,3,282.19,0.26,626.4617999999999
340,2022-12-06,1075,Customer_94,269,Product_30,Electronics,South,3,296.12,0.06,835.0584
341,2022-12-07,1058,Customer_38,227,Product_26,Electronics,East,1,111.43,0.18,91.3726
342,2022-12-08,1085,Customer_51,292,Product_48,Clothing,West,6,427.19,0.03,2486.2457999999997
343,2022-12-09,1021,Customer_63,225,Product_21,Electronics,West,2,51.29,0.19,83.08980000000001
344,2022-12-10,1029,Customer_4,224,Product_28,Clothing,North,1,184.49,0.23,142.0573
345,2022-12-11,1037,Customer_1,211,Product_26,Furniture,East,2,343.39,0.18,563.1596000000001
346,2022-12-12,1050,Customer_8,204,Product_33,Furniture,South,6,144.32,0.08,796.6464
347,2022-12-13,1053,Customer_29,297,Product_21,Electronics,South,4,415.56,0.01,1645.6176
348,2022-12-14,1007,Customer_55,247,Product_35,Clothing,East,6,372.54,0.04,2145.8304000000003
349,2022-12-15,1026,Customer_3,236,Product_34,Clothing,South,9,396.62,0.19,2891.3598
350,2022-12-16,1026,Customer_32,278,Product_41,Furniture,West,8,68.36,0.28,393.7536
351,2022-12-17,1097,Customer_10,243,Product_47,Furniture,South,1,78.87,0.06,74.1378
352,2022-12-18,1020,Customer_74,299,Product_18,Clothing,North,8,150.37,0.22,938.3088
353,2022-12-19,1029,Customer_83,214,Product_11,Electronics,West,9,263.86,0.26,1757.3076
354,2022-12-20,1096,Customer_34,242,Product_23,Furniture,West,6,376.53,0.16,1897.7111999999997
355,2022-12-21,1027,Customer_97,247,Product_48,Electronics,West,5,419.9,0.2,1679.6000000000001
356,2022-12-22,1063,Customer_87,286,Product_22,Electronics,East,6,355.12,0.24,1619.3472000000002
357,2022-12-23,1096,Customer_55,269,Product_17,Furniture,East,6,465.01,0.08,2566.8552
358,2022-12-24,1068,Customer_92,245,Product_5,Electronics,West,9,371.98,0.09,3046.5162
359,2022-12-25,1060,Customer_32,242,Product_44,Electronics,East,4,160.07,0.0,640.28
360,2022-12-26,1047,Customer_50,220,Product_11,Clothing,South,2,139.89,0.29,198.64379999999997
361,2022-12-27,1018,Customer_7,222,Product_30,Electronics,East,9,351.13,0.28,2275.3224
362,2022-12-28,1003,Customer_93,279,Product_15,Clothing,East,2,104.51,0.23,160.9454
363,2022-12-29,1034,Customer_8,246,Product_27,Furniture,West,9,55.43,0.02,488.8926
364,2022-12-30,1063,Customer_65,214,Product_35,Furniture,North,2,270.79,0.13,471.17460000000005
365,2022-12-31,1048,Customer_57,224,Product_33,Clothing,North,8,412.6,0.03,3201.7760000000003
366,2023-01-01,1016,Customer_67,235,Product_20,Furniture,North,9,59.68,0.0,537.12
367,2023-01-02,1043,Customer_88,274,Product_16,Electronics,South,9,398.03,0.18,2937.4613999999997
368,2023-01-03,1091,Customer_87,250,Product_34,Electronics,East,9,407.67,0.29,2605.0113
369,2023-01-04,1029,Customer_59,214,Product_2,Electronics,North,2,246.31,0.27,359.6126
370,2023-01-05,1092,Customer_72,267,Product_35,Furniture,West,4,38.08,0.21,120.3328
371,2023-01-06,1045,Customer_54,220,Product_40,Electronics,North,7,95.55,0.03,648.7845
372,2023-01-07,1005,Customer_67,212,Product_28,Furniture,North,2,356.64,0.08,656.2176
373,2023-01-08,1098,Customer_51,285,Product_47,Electronics,East,1,358.77,0.1,322.893
374,2023-01-09,1036,Customer_97,218,Product_39,Clothing,East,3,450.19,0.23,1039.9388999999999
375,2023-01-10,1023,Customer_92,233,Product_6,Furniture,East,4,295.52,0.24,898.3807999999999
376,2023-01-11,1092,Customer_8,277,Product_9,Furniture,South,8,70.81,0.12,498.5024
377,2023-01-12,1045,Customer_34,267,Product_20,Electronics,South,6,69.49,0.13,362.73779999999994
378,2023-01-13,1052,Customer_35,251,Product_1,Furniture,North,2,363.35,0.01,719.433
379,2023-01-14,1094,Customer_96,226,Product_8,Furniture,East,9,100.05,0.09,819.4095
380,2023-01-15,1098,Customer_88,228,Product_23,Clothing,North,2,170.91,0.14,293.9652
381,2023-01-16,1059,Customer_78,227,Product_3,Clothing,West,5,248.73,0.04,1193.9039999999998
382,2023-01-17,1096,Customer_32,234,Product_4,Electronics,West,4,22.13,0.14,76.1272
383,2023-01-18,1062,Customer_46,207,Product_25,Clothing,East,7,131.92,0.26,683.3456
384,2023-01-19,1084,Customer_16,215,Product_47,Electronics,East,8,209.87,0.17,1393.5367999999999
385,2023-01-20,1031,Customer_68,235,Product_38,Electronics,West,5,147.02,0.02,720.398
386,2023-01-21,1086,Customer_37,229,Product_15,Electronics,East,5,76.82,0.06,361.054
387,2023-01-22,1032,Customer_54,217,Product_21,Furniture,South,2,366.73,0.14,630.7756
388,2023-01-23,1066,Customer_85,201,Product_35,Clothing,South,8,408.44,0.11,2908.0928
389,2023-01-24,1017,Customer_14,248,Product_46,Electronics,East,2,136.16,0.11,242.3648
390,2023-01-25,1024,Customer_95,276,Product_14,Clothing,West,6,389.47,0.16,1962.9288000000001
391,2023-01-26,1094,Customer_55,203,Product_36,Electronics,North,8,198.92,0.18,1304.9152
392,2023-01-27,1053,Customer_48,289,Product_12,Clothing,East,6,258.28,0.24,1177.7567999999999
393,2023-01-28,1057,Customer_82,288,Product_17,Clothing,East,4,429.44,0.1,1545.984
394,2023-01-29,1066,Customer_7,293,Product_39,Electronics,North,4,377.48,0.24,1147.5392000000002
395,2023-01-30,1045,Customer_74,274,Product_9,Furniture,East,6,404.51,0.1,2184.354
396,2023-01-31,1023,Customer_7,206,Product_35,Clothing,North,4,77.05,0.02,302.036
397,2023-02-01,1031,Customer_33,294,Product_13,Furniture,West,8,44.16,0.17,293.22239999999994
398,2023-02-02,1046,Customer_23,273,Product_15,Furniture,South,9,447.77,0.18,3304.5426
399,2023-02-03,1085,Customer_85,238,Product_18,Electronics,West,1,200.04,0.28,144.0288
400,2023-02-04,1022,Customer_19,212,Product_33,Electronics,South,4,151.06,0.22,471.3072
401,2023-02-05,1065,Customer_19,230,Product_6,Electronics,North,4,365.1,0.28,1051.488
402,2023-02-06,1026,Customer_36,270,Product_27,Clothing,South,2,419.84,0.27,612.9663999999999
403,2023-02-07,1001,Customer_29,262,Product_23,Electronics,West,6,432.62,0.18,2128.4904000000006
404,2023-02-08,1089,Customer_60,255,Product_27,Electronics,South,3,164.84,0.16,415.3968
405,2023-02-09,1016,Customer_82,241,Product_34,Clothing,North,7,427.58,0.17,2484.2398
406,2023-02-10,1032,Customer_2,260,Product_46,Clothing,South,5,30.06,0.29,106.71299999999998
407,2023-02-11,1008,Customer_1,241,Product_38,Electronics,East,4,34.33,0.23,105.7364
408,2023-02-12,1042,Customer_47,255,Product_14,Electronics,West,5,315.52,0.03,1530.272
409,2023-02-13,1047,Customer_69,235,Product_36,Electronics,East,8,40.92,0.23,252.0672
410,2023-02-14,1038,Customer_20,283,Product_8,Electronics,North,3,169.06,0.05,481.82099999999997
411,2023-02-15,1092,Customer_11,267,Product_35,Furniture,South,7,339.65,0.13,2068.4685
412,2023-02-16,1041,Customer_2,206,Product_19,Furniture,East,6,175.26,0.06,988.4663999999999
413,2023-02-17,1025,Customer_67,253,Product_30,Electronics,East,1,98.0,0.21,77.42
414,2023-02-18,1098,Customer_87,200,Product_14,Furniture,South,7,147.86,0.26,765.9148
415,2023-02-19,1049,Customer_12,243,Product_20,Clothing,South,7,234.21,0.09,1491.9177
416,2023-02-20,1024,Customer_20,244,Product_49,Furniture,West,1,242.94,0.02,238.0812
417,2023-02-21,1023,Customer_5,246,Product_25,Furniture,East,9,393.67,0.09,3224.1573000000003
418,2023-02-22,1012,Customer_37,212,Product_40,Electronics,East,6,377.58,0.2,1812.384
419,2023-02-23,1059,Customer_38,221,Product_24,Furniture,North,2,233.84,0.1,420.91200000000003
420,2023-02-24,1006,Customer_94,220,Product_14,Furniture,West,5,424.38,0.08,1952.1480000000001
421,2023-02-25,1056,Customer_9,285,Product_26,Furniture,North,4,65.98,0.06,248.0848
422,2023-02-26,1035,Customer_98,291,Product_38,Furniture,East,7,135.12,0.15,803.964
423,2023-02-27,1044,Customer_53,208,Product_23,Clothing,North,8,415.71,0.08,3059.6256
424,2023-02-28,1019,Customer_44,225,Product_22,Electronics,East,1,195.22,0.22,152.2716
425,2023-03-01,1064,Customer_99,208,Product_48,Electronics,East,5,490.78,0.02,2404.8219999999997
426,2023-03-02,1007,Customer_86,214,Product_19,Clothing,North,3,238.46,0.2,572.304
427,2023-03-03,1015,Customer_24,209,Product_46,Furniture,North,1,398.05,0.07,370.18649999999997
428,2023-03-04,1013,Customer_81,287,Product_3,Clothing,South,3,207.13,0.15,528.1815
429,2023-03-05,1075,Customer_74,241,Product_42,Furniture,South,6,218.23,0.09,1191.5357999999999
430,2023-03-06,1086,Customer_30,271,Product_19,Clothing,South,7,197.61,0.22,1078.9506000000001
431,2023-03-07,1014,Customer_59,223,Product_9,Electronics,East,8,362.35,0.28,2087.136
432,2023-03-08,1091,Customer_87,279,Product_28,Electronics,North,4,278.28,0.28,801.4463999999999
433,2023-03-09,1097,Customer_96,248,Product_20,Electronics,West,3,472.45,0.18,1162.227
434,2023-03-10,1065,Customer_81,225,Product_45,Furniture,East,5,132.94,0.14,571.642
435,2023-03-11,1031,Customer_81,290,Product_7,Furniture,West,9,59.28,0.25,400.14
436,2023-03-12,1086,Customer_14,236,Product_14,Clothing,North,6,202.7,0.2,972.9599999999999
437,2023-03-13,1062,Customer_9,267,Product_9,Clothing,East,9,312.19,0.06,2641.1274
438,2023-03-14,1085,Customer_40,249,Product_19,Electronics,West,6,431.79,0.25,1943.0550000000003
439,2023-03-15,1050,Customer_66,223,Product_47,Furniture,West,2,179.64,0.13,312.5736
440,2023-03-16,1024,Customer_25,218,Product_14,Clothing,South,5,330.36,0.06,1552.692
441,2023-03-17,1057,Customer_73,299,Product_38,Furniture,South,9,181.6,0.08,1503.648
442,2023-03-18,1062,Customer_22,259,Product_36,Furniture,South,8,312.44,0.08,2299.5584
443,2023-03-19,1061,Customer_4,238,Product_40,Electronics,East,7,443.56,0.16,2608.1328
444,2023-03-20,1021,Customer_26,273,Product_17,Electronics,North,1,123.37,0.07,114.7341
445,2023-03-21,1057,Customer_58,288,Product_30,Furniture,North,4,208.08,0.04,799.0272
446,2023-03-22,1057,Customer_29,217,Product_9,Furniture,South,7,496.7,0.04,3337.824
447,2023-03-23,1085,Customer_98,218,Product_33,Furniture,South,7,435.59,0.17,2530.7778999999996
448,2023-03-24,1048,Customer_87,235,Product_25,Furniture,South,6,286.67,0.22,1341.6156
449,2023-03-25,1051,Customer_37,273,Product_14,Electronics,West,8,263.15,0.1,1894.6799999999998
450,2023-03-26,1041,Customer_75,296,Product_11,Clothing,South,6,149.45,0.01,887.733
451,2023-03-27,1069,Customer_70,254,Product_35,Electronics,West,3,263.43,0.04,758.6783999999999
452,2023-03-28,1014,Customer_18,268,Product_41,Clothing,North,4,425.61,0.27,1242.7812
453,2023-03-29,1053,Customer_85,246,Product_14,Furniture,East,3,345.74,0.15,881.637
454,2023-03-30,1059,Customer_42,248,Product_30,Clothing,East,1,152.12,0.14,130.8232
455,2023-03-31,1096,Customer_41,298,Product_41,Electronics,East,5,108.72,0.01,538.164
456,2023-04-01,1007,Customer_38,297,Product_4,Electronics,East,1,139.95,0.22,109.161
457,2023-04-02,1052,Customer_34,232,Product_4,Furniture,West,1,93.18,0.16,78.27120000000001
458,2023-04-03,1059,Customer_17,220,Product_28,Electronics,West,2,56.86,0.06,106.8968
459,2023-04-04,1004,Customer_37,280,Product_8,Furniture,South,4,215.38,0.03,835.6744
460,2023-04-05,1067,Customer_25,221,Product_2,Electronics,West,6,65.52,0.12,345.9456
461,2023-04-06,1005,Customer_76,247,Product_41,Electronics,South,8,94.24,0.25,565.4399999999999
462,2023-04-07,1095,Customer_87,236,Product_46,Furniture,South,3,278.19,0.26,617.5817999999999
463,2023-04-08,1093,Customer_86,214,Product_22,Clothing,East,1,90.65,0.18,74.33300000000001
464,2023-04-09,1046,Customer_85,234,Product_41,Electronics,West,3,41.3,0.22,96.642
465,2023-04-10,1098,Customer_27,291,Product_16,Clothing,West,3,165.52,0.03,481.6632
466,2023-04-11,1054,Customer_57,270,Product_29,Electronics,South,5,117.96,0.18,483.636
467,2023-04-12,1039,Customer_31,231,Product_49,Electronics,South,4,262.5,0.2,840.0
468,2023-04-13,1051,Customer_6,210,Product_48,Electronics,North,4,60.16,0.06,226.20159999999998
469,2023-04-14,1015,Customer_91,209,Product_30,Electronics,North,9,378.37,0.26,2519.9442
470,2023-04-15,1012,Customer_40,272,Product_12,Clothing,South,7,454.05,0.06,2987.649
471,2023-04-16,1029,Customer_98,277,Product_35,Clothing,North,4,374.28,0.09,1362.3791999999999
472,2023-04-17,1018,Customer_12,276,Product_11,Electronics,North,3,271.09,0.19,658.7487
473,2023-04-18,1016,Customer_53,256,Product_46,Electronics,South,6,431.73,0.19,2098.2078
474,2023-04-19,1062,Customer_71,224,Product_21,Clothing,South,3,350.51,0.21,830.7087
475,2023-04-20,1018,Customer_10,201,Product_21,Furniture,West,6,15.17,0.03,88.2894
476,2023-04-21,1091,Customer_45,263,Product_5,Furniture,South,9,203.1,0.25,1370.925
477,2023-04-22,1057,Customer_17,234,Product_48,Clothing,South,6,426.97,0.16,2151.9288
478,2023-04-23,1054,Customer_26,206,Product_20,Electronics,East,4,179.47,0.14,617.3768
479,2023-04-24,1089,Customer_85,284,Product_37,Electronics,West,5,27.26,0.29,96.773
480,2023-04-25,1089,Customer_92,217,Product_3,Furniture,West,6,375.63,0.22,1757.9483999999998
481,2023-04-26,1061,Customer_62,266,Product_44,Furniture,West,3,403.0,0.04,1160.6399999999999
482,2023-04-27,1022,Customer_46,241,Product_33,Clothing,East,8,88.69,0.23,546.3304
483,2023-04-28,1008,Customer_64,238,Product_9,Furniture,South,4,273.3,0.03,1060.404
484,2023-04-29,1011,Customer_2,240,Product_9,Clothing,West,8,104.06,0.01,824.1552
485,2023-04-30,1000,Customer_54,274,Product_4,Furniture,West,3,362.42,0.12,956.7888
486,2023-05-01,1057,Customer_65,223,Product_35,Furniture,North,7,143.06,0.3,700.994
487,2023-05-02,1000,Customer_51,259,Product_17,Furniture,West,9,164.95,0.05,1410.3225
488,2023-05-03,1033,Customer_53,245,Product_34,Electronics,South,4,424.04,0.2,1356.928
489,2023-05-04,1095,Customer_36,218,Product_24,Electronics,South,8,243.4,0.05,1849.84
490,2023-05-05,1047,Customer_26,267,Product_32,Electronics,North,3,338.18,0.22,791.3412
491,2023-05-06,1088,Customer_29,289,Product_1,Furniture,West,7,207.16,0.15,1232.6019999999999
492,2023-05-07,1000,Customer_21,241,Product_8,Clothing,West,3,156.02,0.2,374.4480000000001
493,2023-05-08,1015,Customer_11,231,Product_45,Clothing,West,7,316.48,0.06,2082.4384
494,2023-05-09,1060,Customer_40,238,Product_23,Clothing,East,6,85.88,0.22,401.9184
495,2023-05-10,1063,Customer_11,235,Product_47,Clothing,West,2,192.77,0.3,269.878
496,2023-05-11,1062,Customer_36,296,Product_40,Electronics,South,3,112.43,0.2,269.83200000000005
497,2023-05-12,1068,Customer_59,235,Product_12,Electronics,South,6,350.94,0.15,1789.7939999999999
498,2023-05-13,1021,Customer_39,202,Product_12,Furniture,East,4,472.66,0.28,1361.2608
499,2023-05-14,1092,Customer_99,272,Product_46,Furniture,East,6,497.8,0.0,2986.8
500,2023-05-15,1066,Customer_54,207,Product_47,Clothing,West,1,230.64,0.22,179.8992
501,2023-05-16,1075,Customer_98,296,Product_15,Electronics,North,1,133.74,0.27,97.6302
502,2023-05-17,1025,Customer_55,269,Product_41,Clothing,East,3,226.99,0.02,667.3506
503,2023-05-18,1015,Customer_24,240,Product_19,Furniture,East,8,425.16,0.14,2925.1008
504,2023-05-19,1050,Customer_22,267,Product_26,Furniture,West,8,110.94,0.06,834.2687999999999
505,2023-05-20,1085,Customer_69,212,Product_29,Clothing,West,4,476.53,0.17,1582.0795999999998
506,2023-05-21,1056,Customer_56,248,Product_22,Furniture,East,6,177.51,0.19,862.6986
507,2023-05-22,1028,Customer_33,259,Product_40,Clothing,North,8,493.04,0.09,3589.3312
508,2023-05-23,1077,Customer_36,201,Product_21,Electronics,East,7,420.92,0.14,2533.9384
509,2023-05-24,1091,Customer_20,259,Product_38,Clothing,West,7,406.2,0.08,2615.9280000000003
510,2023-05-25,1068,Customer_83,204,Product_20,Electronics,West,4,165.77,0.11,590.1412
511,2023-05-26,1046,Customer_99,243,Product_29,Electronics,East,9,14.3,0.05,122.26500000000001
512,2023-05-27,1093,Customer_81,226,Product_4,Furniture,North,6,197.25,0.27,863.9549999999999
513,2023-05-28,1061,Customer_62,231,Product_7,Furniture,East,3,157.89,0.0,473.66999999999996
514,2023-05-29,1068,Customer_98,220,Product_28,Furniture,East,5,28.32,0.26,104.78399999999999
515,2023-05-30,1075,Customer_73,207,Product_28,Clothing,West,5,257.63,0.17,1069.1645
516,2023-05-31,1015,Customer_26,271,Product_4,Clothing,North,5,207.49,0.1,933.705
517,2023-06-01,1089,Customer_66,249,Product_22,Furniture,South,8,320.93,0.22,2002.6032
518,2023-06-02,1089,Customer_73,266,Product_12,Clothing,North,9,314.38,0.15,2405.007
519,2023-06-03,1047,Customer_73,243,Product_45,Furniture,East,9,69.17,0.15,529.1505
520,2023-06-04,1084,Customer_40,257,Product_3,Clothing,East,6,488.71,0.03,2844.2922
521,2023-06-05,1038,Customer_17,202,Product_22,Electronics,East,6,101.6,0.12,536.448
522,2023-06-06,1099,Customer_1,285,Product_44,Electronics,North,9,228.18,0.07,1909.8665999999998
523,2023-06-07,1032,Customer_89,269,Product_2,Furniture,West,4,249.18,0.0,996.72
524,2023-06-08,1093,Customer_61,201,Product_24,Clothing,East,6,408.4,0.11,2180.8559999999998
525,2023-06-09,1022,Customer_43,286,Product_34,Clothing,East,4,58.62,0.03,227.44559999999998
526,2023-06-10,1009,Customer_42,243,Product_27,Electronics,North,1,220.04,0.08,202.4368
527,2023-06-11,1068,Customer_25,201,Product_41,Electronics,South,7,317.97,0.03,2159.0163
528,2023-06-12,1099,Customer_39,280,Product_1,Furniture,South,6,115.43,0.03,671.8026
529,2023-06-13,1033,Customer_35,234,Product_8,Electronics,West,9,317.46,0.06,2685.7115999999996
530,2023-06-14,1051,Customer_3,297,Product_23,Furniture,West,7,462.6,0.3,2266.7400000000002
531,2023-06-15,1094,Customer_44,286,Product_38,Electronics,East,7,498.78,0.0,3491.46
532,2023-06-16,1009,Customer_51,229,Product_6,Electronics,North,2,25.9,0.19,41.958
533,2023-06-17,1018,Customer_94,207,Product_22,Clothing,East,9,125.44,0.04,1083.8016
534,2023-06-18,1057,Customer_98,221,Product_25,Electronics,West,9,162.05,0.28,1050.084
535,2023-06-19,1095,Customer_12,243,Product_18,Electronics,North,6,205.57,0.03,1196.4174
536,2023-06-20,1000,Customer_19,257,Product_17,Furniture,North,3,128.71,0.29,274.15229999999997
537,2023-06-21,1068,Customer_44,235,Product_12,Electronics,West,1,109.71,0.18,89.9622
538,2023-06-22,1003,Customer_59,268,Product_6,Furniture,South,4,477.73,0.0,1910.92
539,2023-06-23,1015,Customer_49,276,Product_26,Electronics,South,3,460.08,0.27,1007.5752
540,2023-06-24,1023,Customer_61,292,Product_27,Electronics,North,1,33.03,0.16,27.7452
541,2023-06-25,1079,Customer_17,230,Product_8,Furniture,East,3,176.02,0.08,485.81520000000006
542,2023-06-26,1001,Customer_74,246,Product_19,Clothing,South,4,208.52,0.23,642.2416000000001
543,2023-06-27,1091,Customer_57,254,Product_42,Furniture,East,8,127.12,0.28,732.2112
544,2023-06-28,1031,Customer_55,279,Product_1,Furniture,South,9,318.15,0.15,2433.8475
545,2023-06-29,1090,Customer_47,261,Product_29,Furniture,South,3,323.79,0.09,883.9467000000002
546,2023-06-30,1083,Customer_12,229,Product_45,Clothing,East,6,426.75,0.24,1945.98
547,2023-07-01,1023,Customer_62,254,Product_49,Electronics,West,5,373.03,0.2,1492.12
548,2023-07-02,1011,Customer_80,215,Product_35,Furniture,South,6,275.86,0.27,1208.2668
549,2023-07-03,1049,Customer_88,211,Product_40,Furniture,South,4,330.26,0.21,1043.6216
550,2023-07-04,1034,Customer_83,216,Product_14,Clothing,East,6,144.25,0.07,804.915
551,2023-07-05,1032,Customer_8,215,Product_35,Furniture,West,7,300.6,0.28,1515.0240000000001
552,2023-07-06,1032,Customer_95,211,Product_48,Electronics,South,9,249.72,0.03,2180.0556
553,2023-07-07,1060,Customer_21,207,Product_45,Clothing,South,7,75.34,0.08,485.18960000000004
554,2023-07-08,1050,Customer_81,283,Product_20,Electronics,West,6,128.85,0.16,649.4039999999999
555,2023-07-09,1042,Customer_87,202,Product_49,Electronics,South,1,152.93,0.17,126.9319
556,2023-07-10,1011,Customer_80,215,Product_13,Clothing,West,2,462.91,0.0,925.82
557,2023-07-11,1066,Customer_70,229,Product_38,Furniture,West,1,122.89,0.23,94.6253
558,2023-07-12,1064,Customer_72,222,Product_49,Electronics,East,9,151.73,0.11,1215.3573
559,2023-07-13,1032,Customer_25,291,Product_46,Electronics,North,9,190.98,0.12,1512.5616
560,2023-07-14,1039,Customer_82,204,Product_49,Electronics,West,7,335.23,0.24,1783.4236
561,2023-07-15,1073,Customer_89,283,Product_8,Electronics,East,2,67.94,0.11,120.9332
562,2023-07-16,1042,Customer_12,264,Product_43,Clothing,North,6,477.43,0.01,2835.9341999999997
563,2023-07-17,1043,Customer_15,229,Product_20,Clothing,South,4,434.13,0.05,1649.694
564,2023-07-18,1028,Customer_59,220,Product_33,Electronics,North,1,292.84,0.29,207.91639999999998
565,2023-07-19,1012,Customer_26,283,Product_26,Furniture,West,1,340.28,0.02,333.47439999999995
566,2023-07-20,1011,Customer_26,269,Product_39,Electronics,West,5,18.16,0.11,80.812
567,2023-07-21,1094,Customer_47,221,Product_21,Furniture,West,2,176.08,0.15,299.336
568,2023-07-22,1045,Customer_32,281,Product_49,Electronics,West,4,399.87,0.15,1359.558
569,2023-07-23,1001,Customer_10,271,Product_42,Furniture,West,1,47.97,0.0,47.97
570,2023-07-24,1034,Customer_16,231,Product_43,Electronics,East,4,148.33,0.15,504.322
571,2023-07-25,1086,Customer_71,232,Product_41,Furniture,West,6,296.8,0.12,1567.1040000000003
572,2023-07-26,1080,Customer_17,215,Product_9,Electronics,East,4,135.64,0.29,385.21759999999995
573,2023-07-27,1089,Customer_23,275,Product_24,Electronics,South,1,467.65,0.05,444.2675
574,2023-07-28,1007,Customer_26,237,Product_37,Furniture,West,7,74.22,0.11,462.39059999999995
575,2023-07-29,1092,Customer_85,297,Product_49,Clothing,West,2,400.72,0.13,697.2528000000001
576,2023-07-30,1025,Customer_86,213,Product_41,Furniture,North,9,258.89,0.12,2050.4087999999997
577,2023-07-31,1073,Customer_7,235,Product_17,Clothing,South,3,377.66,0.2,906.384
578,2023-08-01,1089,Customer_14,296,Product_24,Electronics,West,8,162.25,0.06,1220.12
579,2023-08-02,1033,Customer_79,222,Product_21,Furniture,West,8,262.1,0.07,1950.0240000000001
580,2023-08-03,1006,Customer_7,265,Product_39,Furniture,South,3,429.85,0.22,1005.8490000000002
581,2023-08-04,1067,Customer_9,284,Product_41,Furniture,East,4,238.77,0.15,811.818
582,2023-08-05,1057,Customer_48,201,Product_39,Clothing,West,2,186.26,0.12,327.81759999999997
583,2023-08-06,1074,Customer_72,290,Product_13,Clothing,North,4,272.72,0.05,1036.336
584,2023-08-07,1028,Customer_59,272,Product_11,Electronics,West,9,361.51,0.06,3058.3746
585,2023-08-08,1035,Customer_87,264,Product_46,Clothing,North,2,227.35,0.0,454.7
586,2023-08-09,1088,Customer_93,274,Product_19,Clothing,North,3,470.05,0.03,1367.8455000000001
587,2023-08-10,1020,Customer_82,266,Product_11,Electronics,West,4,154.52,0.17,513.0064
588,2023-08-11,1035,Customer_95,251,Product_13,Furniture,West,5,242.98,0.27,886.8769999999998
589,2023-08-12,1009,Customer_94,261,Product_46,Furniture,North,1,380.89,0.09,346.6099
590,2023-08-13,1072,Customer_39,222,Product_45,Electronics,South,7,347.67,0.1,2190.321
591,2023-08-14,1023,Customer_99,225,Product_1,Furniture,South,7,433.18,0.03,2941.2922000000003
592,2023-08-15,1063,Customer_18,267,Product_40,Clothing,West,9,498.44,0.12,3947.6448
593,2023-08-16,1098,Customer_59,281,Product_44,Electronics,East,4,219.16,0.01,867.8736
594,2023-08-17,1048,Customer_17,254,Product_19,Electronics,South,6,64.46,0.28,278.4672
595,2023-08-18,1098,Customer_14,205,Product_12,Electronics,West,2,24.9,0.2,39.84
596,2023-08-19,1035,Customer_31,234,Product_8,Furniture,South,4,366.17,0.3,1025.276
597,2023-08-20,1081,Customer_24,221,Product_8,Electronics,East,2,438.27,0.26,648.6396
598,2023-08-21,1095,Customer_99,242,Product_45,Electronics,West,5,118.15,0.14,508.045
599,2023-08-22,1023,Customer_60,214,Product_12,Electronics,East,7,87.64,0.16,515.3232
600,2023-08-23,1022,Customer_45,285,Product_48,Furniture,West,1,40.48,0.06,38.051199999999994
601,2023-08-24,1061,Customer_98,259,Product_33,Clothing,East,7,413.12,0.14,2486.9824
602,2023-08-25,1095,Customer_3,211,Product_45,Electronics,South,6,162.58,0.27,712.1004
603,2023-08-26,1036,Customer_37,248,Product_26,Clothing,South,6,206.83,0.02,1216.1604
604,2023-08-27,1011,Customer_43,241,Product_39,Furniture,East,8,256.35,0.26,1517.592
605,2023-08-28,1054,Customer_40,237,Product_28,Furniture,East,8,421.33,0.1,3033.576
606,2023-08-29,1012,Customer_90,281,Product_5,Furniture,East,6,328.91,0.27,1440.6258
607,2023-08-30,1022,Customer_55,244,Product_8,Furniture,West,3,311.38,0.28,672.5808
608,2023-08-31,1088,Customer_87,234,Product_25,Clothing,South,5,96.08,0.2,384.32
609,2023-09-01,1098,Customer_39,229,Product_27,Electronics,West,2,261.46,0.2,418.336
610,2023-09-02,1029,Customer_15,287,Product_46,Furniture,South,5,360.54,0.14,1550.3220000000001
611,2023-09-03,1016,Customer_4,229,Product_23,Furniture,North,9,486.9,0.25,3286.575
612,2023-09-04,1061,Customer_93,277,Product_30,Clothing,West,1,108.69,0.29,77.1699
613,2023-09-05,1083,Customer_86,205,Product_45,Clothing,South,5,14.68,0.23,56.51800000000001
614,2023-09-06,1088,Customer_25,266,Product_47,Furniture,South,6,46.9,0.19,227.934
615,2023-09-07,1085,Customer_13,279,Product_23,Electronics,West,7,194.17,0.18,1114.5357999999999
616,2023-09-08,1012,Customer_82,206,Product_49,Electronics,West,9,412.07,0.25,2781.4725
617,2023-09-09,1058,Customer_33,251,Product_47,Furniture,South,6,13.5,0.16,68.03999999999999
618,2023-09-10,1018,Customer_16,213,Product_20,Clothing,West,5,233.8,0.24,888.44
619,2023-09-11,1048,Customer_42,272,Product_18,Furniture,East,7,171.32,0.15,1019.3539999999999
620,2023-09-12,1099,Customer_66,214,Product_18,Furniture,West,1,35.72,0.02,35.0056
621,2023-09-13,1011,Customer_55,220,Product_2,Clothing,West,5,230.62,0.12,1014.728
622,2023-09-14,1060,Customer_99,234,Product_4,Furniture,West,2,134.83,0.13,234.60420000000002
623,2023-09-15,1018,Customer_42,265,Product_30,Furniture,South,4,182.42,0.04,700.4927999999999
624,2023-09-16,1075,Customer_34,290,Product_33,Furniture,East,7,355.75,0.03,2415.5425
625,2023-09-17,1008,Customer_30,201,Product_36,Clothing,North,5,265.56,0.16,1115.3519999999999
626,2023-09-18,1070,Customer_13,234,Product_18,Electronics,North,6,71.08,0.03,413.6856
627,2023-09-19,1027,Customer_13,281,Product_37,Electronics,East,2,481.09,0.09,875.5838
628,2023-09-20,1077,Customer_18,277,Product_19,Clothing,East,3,321.6,0.22,752.5440000000001
629,2023-09-21,1094,Customer_32,219,Product_47,Electronics,East,7,385.28,0.29,1914.8416
630,2023-09-22,1051,Customer_96,281,Product_28,Furniture,South,2,48.81,0.22,76.1436
631,2023-09-23,1082,Customer_99,209,Product_40,Electronics,North,6,33.06,0.3,138.852
632,2023-09-24,1015,Customer_39,224,Product_20,Furniture,East,5,19.53,0.21,77.1435
633,2023-09-25,1068,Customer_46,265,Product_49,Electronics,South,1,102.51,0.09,93.28410000000001
634,2023-09-26,1098,Customer_29,224,Product_33,Clothing,North,4,213.06,0.2,681.792
635,2023-09-27,1011,Customer_62,253,Product_12,Electronics,West,2,468.55,0.21,740.3090000000001
636,2023-09-28,1024,Customer_93,232,Product_15,Electronics,South,4,233.96,0.11,832.8976
637,2023-09-29,1051,Customer_62,235,Product_41,Electronics,North,1,152.23,0.01,150.7077
638,2023-09-30,1084,Customer_57,294,Product_39,Clothing,South,2,285.35,0.21,450.85300000000007
639,2023-10-01,1099,Customer_16,213,Product_2,Electronics,North,8,64.85,0.01,513.612
640,2023-10-02,1052,Customer_56,264,Product_29,Clothing,North,6,308.66,0.19,1500.0876
641,2023-10-03,1022,Customer_10,279,Product_41,Furniture,West,2,288.53,0.05,548.2069999999999
642,2023-10-04,1015,Customer_30,253,Product_10,Electronics,South,6,398.08,0.17,1982.4384
643,2023-10-05,1056,Customer_25,251,Product_2,Clothing,East,9,493.48,0.15,3775.122
644,2023-10-06,1038,Customer_84,202,Product_11,Clothing,West,7,132.93,0.0,930.51
645,2023-10-07,1052,Customer_5,298,Product_13,Electronics,West,9,259.73,0.11,2080.4373
646,2023-10-08,1041,Customer_65,240,Product_10,Furniture,North,5,455.34,0.18,1866.894
647,2023-10-09,1057,Customer_94,205,Product_14,Clothing,East,7,394.74,0.25,2072.385
648,2023-10-10,1038,Customer_49,224,Product_18,Electronics,South,7,248.83,0.27,1271.5213
649,2023-10-11,1013,Customer_3,212,Product_9,Furniture,East,3,473.23,0.15,1206.7365
650,2023-10-12,1094,Customer_45,297,Product_39,Clothing,East,7,38.05,0.22,207.753
651,2023-10-13,1004,Customer_14,207,Product_28,Clothing,East,1,466.19,0.09,424.23290000000003
652,2023-10-14,1034,Customer_30,220,Product_3,Furniture,East,9,34.75,0.1,281.475
653,2023-10-15,1086,Customer_68,297,Product_20,Furniture,East,6,278.18,0.06,1568.9352
654,2023-10-16,1092,Customer_18,267,Product_6,Electronics,North,5,446.32,0.17,1852.2279999999998
655,2023-10-17,1074,Customer_62,224,Product_27,Electronics,North,7,138.73,0.09,883.7100999999999
656,2023-10-18,1017,Customer_37,278,Product_2,Clothing,West,5,241.4,0.03,1170.79
657,2023-10-19,1075,Customer_25,267,Product_29,Furniture,North,5,168.92,0.21,667.2339999999999
658,2023-10-20,1008,Customer_48,244,Product_38,Furniture,West,7,476.55,0.21,2635.3215
659,2023-10-21,1073,Customer_65,259,Product_3,Furniture,West,7,413.59,0.11,2576.6656999999996
660,2023-10-22,1057,Customer_53,211,Product_16,Clothing,South,3,357.41,0.02,1050.7854
661,2023-10-23,1016,Customer_79,231,Product_30,Furniture,East,3,297.94,0.13,777.6234
662,2023-10-24,1006,Customer_73,295,Product_40,Furniture,North,3,412.09,0.13,1075.5549
663,2023-10-25,1045,Customer_15,291,Product_2,Clothing,South,6,202.21,0.2,970.6080000000001
664,2023-10-26,1012,Customer_49,212,Product_17,Electronics,North,6,229.3,0.09,1251.9780000000003
665,2023-10-27,1039,Customer_88,230,Product_41,Electronics,West,3,367.7,0.2,882.48
666,2023-10-28,1041,Customer_68,277,Product_12,Clothing,North,3,185.3,0.26,411.36600000000004
667,2023-10-29,1008,Customer_12,219,Product_35,Furniture,East,8,41.31,0.07,307.3464
668,2023-10-30,1049,Customer_59,217,Product_43,Clothing,West,8,46.42,0.29,263.6656
669,2023-10-31,1026,Customer_37,292,Product_1,Electronics,West,7,66.53,0.12,409.82480000000004
670,2023-11-01,1065,Customer_61,259,Product_45,Electronics,South,4,436.14,0.08,1604.9952
671,2023-11-02,1004,Customer_43,262,Product_15,Clothing,East,4,241.39,0.13,840.0372
672,2023-11-03,1028,Customer_70,205,Product_26,Clothing,West,3,359.31,0.03,1045.5921
673,2023-11-04,1036,Customer_39,231,Product_37,Electronics,East,5,202.53,0.04,972.1439999999999
674,2023-11-05,1037,Customer_56,292,Product_21,Clothing,North,3,136.77,0.12,361.07280000000003
675,2023-11-06,1082,Customer_63,242,Product_49,Electronics,East,8,180.12,0.23,1109.5392000000002
676,2023-11-07,1007,Customer_46,201,Product_31,Clothing,West,7,399.15,0.27,2039.6564999999998
677,2023-11-08,1064,Customer_88,259,Product_25,Clothing,South,3,316.36,0.2,759.2640000000001
678,2023-11-09,1085,Customer_11,222,Product_23,Clothing,West,9,469.44,0.03,4098.2112
679,2023-11-10,1016,Customer_62,282,Product_24,Electronics,East,5,343.06,0.2,1372.24
680,2023-11-11,1070,Customer_77,230,Product_38,Clothing,East,9,289.39,0.19,2109.6531
681,2023-11-12,1088,Customer_98,204,Product_28,Electronics,West,7,309.0,0.24,1643.88
682,2023-11-13,1044,Customer_25,282,Product_21,Electronics,East,7,471.76,0.25,2476.74
683,2023-11-14,1003,Customer_71,233,Product_43,Clothing,North,6,396.22,0.26,1759.2168000000001
684,2023-11-15,1035,Customer_52,209,Product_18,Clothing,West,2,21.78,0.12,38.3328
685,2023-11-16,1069,Customer_4,288,Product_36,Electronics,South,9,271.73,0.21,1932.0003000000002
686,2023-11-17,1030,Customer_59,201,Product_35,Electronics,West,6,347.29,0.08,1917.0408000000002
687,2023-11-18,1018,Customer_72,210,Product_45,Furniture,North,8,376.86,0.3,2110.416
688,2023-11-19,1060,Customer_20,249,Product_9,Electronics,North,1,114.44,0.05,108.71799999999999
689,2023-11-20,1053,Customer_93,230,Product_38,Furniture,North,5,434.92,0.0,2174.6
690,2023-11-21,1038,Customer_63,255,Product_30,Furniture,North,1,478.36,0.04,459.2256
691,2023-11-22,1090,Customer_54,278,Product_44,Furniture,North,8,125.99,0.23,776.0984
692,2023-11-23,1073,Customer_74,272,Product_34,Clothing,South,8,442.48,0.13,3079.6608
693,2023-11-24,1089,Customer_98,286,Product_32,Clothing,East,1,57.52,0.13,50.0424
694,2023-11-25,1018,Customer_57,282,Product_3,Electronics,North,9,37.3,0.29,238.34699999999998
695,2023-11-26,1038,Customer_90,208,Product_3,Furniture,North,2,73.32,0.28,105.58079999999998
696,2023-11-27,1066,Customer_41,298,Product_28,Clothing,West,9,38.29,0.09,313.5951
697,2023-11-28,1044,Customer_3,220,Product_44,Clothing,South,1,424.06,0.06,398.6164
698,2023-11-29,1012,Customer_6,272,Product_15,Clothing,South,9,38.93,0.25,262.77750000000003
699,2023-11-30,1091,Customer_5,227,Product_41,Clothing,East,4,143.12,0.27,417.9104
700,2023-12-01,1057,Customer_5,261,Product_23,Clothing,South,9,60.84,0.16,459.95040000000006
701,2023-12-02,1019,Customer_54,206,Product_40,Furniture,West,7,154.76,0.19,877.4892
702,2023-12-03,1091,Customer_47,279,Product_11,Furniture,West,6,54.37,0.08,300.12239999999997
703,2023-12-04,1071,Customer_87,215,Product_48,Furniture,East,5,337.32,0.24,1281.816
704,2023-12-05,1060,Customer_49,296,Product_32,Furniture,West,9,75.33,0.19,549.1557
705,2023-12-06,1038,Customer_9,203,Product_36,Electronics,North,2,427.4,0.15,726.5799999999999
706,2023-12-07,1000,Customer_99,203,Product_33,Furniture,North,2,410.42,0.02,804.4232000000001
707,2023-12-08,1002,Customer_20,239,Product_24,Clothing,West,9,16.69,0.27,109.6533
708,2023-12-09,1076,Customer_61,216,Product_39,Furniture,East,3,448.91,0.18,1104.3186
709,2023-12-10,1091,Customer_35,251,Product_34,Electronics,South,8,24.18,0.06,181.8336
710,2023-12-11,1061,Customer_50,292,Product_28,Clothing,East,9,127.43,0.18,940.4334000000001
711,2023-12-12,1062,Customer_82,251,Product_37,Furniture,South,8,25.87,0.2,165.568
712,2023-12-13,1024,Customer_62,235,Product_7,Furniture,West,4,174.56,0.16,586.5216
713,2023-12-14,1055,Customer_17,237,Product_4,Furniture,West,1,261.79,0.22,204.19620000000003
714,2023-12-15,1032,Customer_88,249,Product_37,Clothing,North,4,400.36,0.17,1329.1951999999999
715,2023-12-16,1037,Customer_3,262,Product_1,Clothing,South,9,175.61,0.28,1137.9528
716,2023-12-17,1005,Customer_32,262,Product_1,Electronics,East,2,355.69,0.02,697.1524
717,2023-12-18,1057,Customer_99,261,Product_47,Clothing,West,3,101.88,0.03,296.4708
718,2023-12-19,1043,Customer_13,298,Product_20,Clothing,East,8,377.79,0.05,2871.204
719,2023-12-20,1044,Customer_89,206,Product_19,Furniture,North,6,125.64,0.21,595.5336000000001
720,2023-12-21,1031,Customer_73,226,Product_29,Clothing,South,8,80.34,0.19,520.6032
721,2023-12-22,1044,Customer_68,291,Product_10,Furniture,South,7,100.85,0.27,515.3435
722,2023-12-23,1060,Customer_14,285,Product_18,Furniture,West,5,99.21,0.22,386.919
723,2023-12-24,1046,Customer_98,213,Product_28,Clothing,South,9,261.3,0.15,1998.9450000000002
724,2023-12-25,1020,Customer_11,270,Product_35,Electronics,West,4,423.95,0.3,1187.06
725,2023-12-26,1079,Customer_56,285,Product_43,Electronics,North,6,49.01,0.08,270.53520000000003
726,2023-12-27,1084,Customer_67,204,Product_47,Clothing,South,2,356.41,0.25,534.615
727,2023-12-28,1074,Customer_92,254,Product_31,Electronics,West,2,330.63,0.13,575.2962
728,2023-12-29,1035,Customer_29,201,Product_27,Furniture,East,2,437.53,0.19,708.7986
729,2023-12-30,1098,Customer_9,261,Product_11,Furniture,West,7,129.63,0.22,707.7798
730,2023-12-31,1018,Customer_67,290,Product_49,Clothing,South,2,230.55,0.19,373.49100000000004
731,2024-01-01,1019,Customer_25,220,Product_49,Electronics,North,2,463.66,0.04,890.2272
732,2024-01-02,1056,Customer_98,278,Product_38,Electronics,South,9,333.4,0.13,2610.522
733,2024-01-03,1017,Customer_76,220,Product_5,Furniture,South,7,200.5,0.17,1164.905
734,2024-01-04,1046,Customer_42,209,Product_8,Clothing,West,3,74.39,0.25,167.3775
735,2024-01-05,1048,Customer_9,286,Product_34,Electronics,East,3,138.62,0.13,361.7982
736,2024-01-06,1013,Customer_79,257,Product_48,Clothing,South,7,294.8,0.28,1485.792
737,2024-01-07,1014,Customer_40,238,Product_12,Electronics,East,5,361.9,0.13,1574.265
738,2024-01-08,1030,Customer_25,204,Product_38,Furniture,West,6,70.97,0.16,357.68879999999996
739,2024-01-09,1000,Customer_5,264,Product_1,Furniture,East,8,303.8,0.24,1847.104
740,2024-01-10,1053,Customer_11,212,Product_31,Clothing,West,9,279.67,0.17,2089.1349
741,2024-01-11,1002,Customer_59,284,Product_4,Furniture,North,1,261.84,0.29,185.90639999999996
742,2024-01-12,1015,Customer_98,289,Product_49,Electronics,East,3,348.16,0.2,835.5840000000001
743,2024-01-13,1086,Customer_88,284,Product_45,Furniture,East,7,420.35,0.16,2471.6580000000004
744,2024-01-14,1056,Customer_79,252,Product_5,Clothing,North,6,168.26,0.01,999.4644
745,2024-01-15,1074,Customer_38,281,Product_30,Clothing,East,7,445.62,0.12,2745.0192
746,2024-01-16,1011,Customer_72,244,Product_24,Clothing,North,8,88.71,0.09,645.8088
747,2024-01-17,1073,Customer_5,231,Product_3,Electronics,South,6,94.78,0.22,443.57040000000006
748,2024-01-18,1095,Customer_48,235,Product_11,Electronics,West,3,140.72,0.06,396.83039999999994
749,2024-01-19,1015,Customer_90,280,Product_45,Electronics,North,2,68.57,0.06,128.9116
750,2024-01-20,1071,Customer_18,298,Product_4,Electronics,East,7,122.86,0.06,808.4187999999999
751,2024-01-21,1075,Customer_70,259,Product_26,Electronics,North,1,62.14,0.04,59.654399999999995
752,2024-01-22,1023,Customer_37,210,Product_27,Furniture,East,3,412.66,0.09,1126.5618
753,2024-01-23,1027,Customer_60,262,Product_46,Electronics,South,4,78.09,0.27,228.02280000000002
754,2024-01-24,1007,Customer_48,220,Product_43,Electronics,North,1,376.18,0.23,289.65860000000004
755,2024-01-25,1091,Customer_77,251,Product_27,Furniture,South,5,33.48,0.22,130.57199999999997
756,2024-01-26,1035,Customer_28,254,Product_42,Electronics,West,3,474.77,0.24,1082.4756
757,2024-01-27,1089,Customer_69,225,Product_6,Clothing,East,2,358.47,0.08,659.5848000000001
758,2024-01-28,1007,Customer_77,267,Product_15,Electronics,East,3,13.33,0.27,29.192700000000002
759,2024-01-29,1057,Customer_81,233,Product_30,Electronics,South,8,384.29,0.04,2951.3472
760,2024-01-30,1059,Customer_40,251,Product_42,Clothing,West,6,261.9,0.1,1414.26
761,2024-01-31,1049,Customer_45,281,Product_37,Clothing,North,7,391.89,0.18,2249.4486
762,2024-02-01,1027,Customer_96,298,Product_37,Clothing,North,6,266.02,0.03,1548.2363999999998
763,2024-02-02,1091,Customer_62,292,Product_42,Clothing,East,6,324.1,0.22,1516.7880000000002
764,2024-02-03,1040,Customer_93,251,Product_37,Electronics,South,3,395.3,0.12,1043.592
765,2024-02-04,1099,Customer_58,228,Product_35,Clothing,South,8,208.5,0.24,1267.68
766,2024-02-05,1063,Customer_67,237,Product_23,Clothing,North,7,11.33,0.15,67.4135
767,2024-02-06,1026,Customer_56,241,Product_6,Furniture,West,7,426.47,0.05,2836.0254999999997
768,2024-02-07,1062,Customer_40,220,Product_4,Clothing,West,6,196.64,0.22,920.2751999999999
769,2024-02-08,1016,Customer_98,241,Product_18,Clothing,North,5,253.06,0.08,1164.076
770,2024-02-09,1072,Customer_40,212,Product_9,Furniture,North,8,13.81,0.15,93.908
771,2024-02-10,1032,Customer_91,263,Product_49,Furniture,South,5,251.13,0.02,1230.537
772,2024-02-11,1083,Customer_77,216,Product_29,Electronics,West,9,493.38,0.19,3596.7402
773,2024-02-12,1076,Customer_33,208,Product_13,Furniture,North,9,146.35,0.2,1053.72
774,2024-02-13,1091,Customer_6,240,Product_47,Electronics,North,1,203.75,0.11,181.3375
775,2024-02-14,1028,Customer_88,200,Product_17,Furniture,East,6,346.72,0.29,1477.0272
776,2024-02-15,1012,Customer_19,201,Product_45,Furniture,North,7,409.25,0.26,2119.915
777,2024-02-16,1045,Customer_80,259,Product_32,Electronics,North,3,214.52,0.21,508.41240000000005
778,2024-02-17,1034,Customer_40,247,Product_48,Furniture,West,7,161.74,0.21,894.4222000000001
779,2024-02-18,1005,Customer_92,228,Product_22,Electronics,South,7,469.53,0.08,3023.7732
780,2024-02-19,1081,Customer_97,296,Product_4,Furniture,West,2,341.8,0.2,546.88
781,2024-02-20,1068,Customer_59,209,Product_5,Clothing,South,7,68.32,0.06,449.5455999999999
782,2024-02-21,1046,Customer_59,257,Product_37,Furniture,East,1,43.77,0.04,42.019200000000005
783,2024-02-22,1024,Customer_48,259,Product_41,Electronics,North,5,246.94,0.3,864.29
784,2024-02-23,1065,Customer_41,220,Product_49,Furniture,East,9,117.84,0.19,859.0536
785,2024-02-24,1009,Customer_13,227,Product_13,Electronics,South,7,134.45,0.13,818.8004999999998
786,2024-02-25,1055,Customer_45,274,Product_34,Electronics,West,7,440.07,0.09,2803.2459
787,2024-02-26,1029,Customer_89,233,Product_45,Clothing,West,2,53.89,0.18,88.37960000000001
788,2024-02-27,1004,Customer_53,207,Product_22,Clothing,East,8,360.53,0.01,2855.3976
789,2024-02-28,1032,Customer_42,258,Product_23,Electronics,South,3,142.86,0.03,415.7226
790,2024-02-29,1064,Customer_63,285,Product_3,Furniture,East,8,382.56,0.01,3029.8752
791,2024-03-01,1017,Customer_27,271,Product_42,Electronics,East,3,363.98,0.15,928.149
792,2024-03-02,1095,Customer_38,248,Product_34,Electronics,North,7,13.62,0.18,78.1788
793,2024-03-03,1048,Customer_60,278,Product_32,Furniture,East,2,259.48,0.02,508.5808
794,2024-03-04,1010,Customer_7,216,Product_45,Furniture,North,4,78.27,0.22,244.20239999999998
795,2024-03-05,1084,Customer_5,259,Product_49,Furniture,North,6,434.45,0.07,2424.2309999999998
796,2024-03-06,1025,Customer_45,286,Product_21,Furniture,West,9,437.08,0.21,3107.6388
797,2024-03-07,1062,Customer_58,287,Product_46,Electronics,North,5,214.99,0.29,763.2145
798,2024-03-08,1088,Customer_31,244,Product_44,Electronics,North,9,227.75,0.21,1619.3025
799,2024-03-09,1085,Customer_23,282,Product_21,Clothing,West,5,158.61,0.26,586.8570000000001
800,2024-03-10,1058,Customer_42,268,Product_44,Electronics,East,8,361.14,0.28,2080.1664
801,2024-03-11,1026,Customer_10,231,Product_11,Furniture,South,1,185.74,0.15,157.879
802,2024-03-12,1048,Customer_32,243,Product_39,Clothing,South,7,141.22,0.21,780.9466
803,2024-03-13,1076,Customer_53,264,Product_4,Furniture,South,4,221.79,0.26,656.4984
804,2024-03-14,1032,Customer_30,286,Product_1,Electronics,East,5,54.83,0.11,243.99349999999998
805,2024-03-15,1097,Customer_39,207,Product_28,Clothing,North,6,375.84,0.08,2074.6368
806,2024-03-16,1098,Customer_31,276,Product_24,Furniture,South,5,16.17,0.28,58.212
807,2024-03-17,1000,Customer_82,271,Product_35,Clothing,East,1,325.8,0.22,254.12400000000002
808,2024-03-18,1020,Customer_2,286,Product_13,Clothing,North,9,99.6,0.07,833.6519999999999
809,2024-03-19,1054,Customer_78,242,Product_47,Electronics,West,2,123.88,0.13,215.5512
810,2024-03-20,1005,Customer_77,200,Product_34,Furniture,South,9,321.46,0.24,2198.7864
811,2024-03-21,1091,Customer_93,250,Product_11,Clothing,North,2,496.54,0.16,834.1872
812,2024-03-22,1080,Customer_12,223,Product_36,Clothing,South,9,391.08,0.19,2850.9732
813,2024-03-23,1068,Customer_39,298,Product_17,Furniture,South,6,120.66,0.23,557.4492
814,2024-03-24,1094,Customer_66,223,Product_35,Clothing,South,9,96.25,0.19,701.6625
815,2024-03-25,1004,Customer_96,216,Product_18,Clothing,North,6,434.45,0.16,2189.6279999999997
816,2024-03-26,1002,Customer_13,204,Product_40,Clothing,East,6,227.65,0.22,1065.402
817,2024-03-27,1052,Customer_46,219,Product_22,Furniture,North,2,77.16,0.22,120.3696
818,2024-03-28,1022,Customer_27,220,Product_24,Furniture,South,8,432.48,0.19,2802.4704
819,2024-03-29,1052,Customer_17,257,Product_19,Furniture,North,3,409.89,0.11,1094.4063
820,2024-03-30,1036,Customer_95,230,Product_37,Furniture,West,7,492.11,0.12,3031.3976
821,2024-03-31,1073,Customer_98,299,Product_39,Electronics,East,5,455.77,0.29,1617.9834999999998
822,2024-04-01,1073,Customer_60,210,Product_21,Clothing,North,3,427.38,0.03,1243.6757999999998
823,2024-04-02,1082,Customer_64,251,Product_8,Furniture,West,1,35.76,0.08,32.8992
824,2024-04-03,1016,Customer_88,214,Product_28,Clothing,East,8,61.16,0.15,415.888
825,2024-04-04,1084,Customer_35,282,Product_5,Clothing,West,3,288.8,0.25,649.8000000000001
826,2024-04-05,1077,Customer_70,206,Product_17,Electronics,East,2,270.42,0.05,513.798
827,2024-04-06,1072,Customer_83,227,Product_37,Furniture,North,1,234.4,0.08,215.64800000000002
828,2024-04-07,1000,Customer_30,250,Product_36,Furniture,West,4,204.43,0.02,801.3656
829,2024-04-08,1050,Customer_71,257,Product_19,Clothing,South,8,221.29,0.21,1398.5528
830,2024-04-09,1044,Customer_74,204,Product_27,Furniture,West,3,288.96,0.07,806.1983999999999
831,2024-04-10,1076,Customer_96,204,Product_34,Clothing,East,1,11.02,0.12,9.6976
832,2024-04-11,1003,Customer_98,293,Product_11,Clothing,North,4,137.75,0.13,479.37
833,2024-04-12,1061,Customer_63,295,Product_45,Electronics,East,9,263.96,0.27,1734.2171999999998
834,2024-04-13,1064,Customer_28,207,Product_47,Electronics,West,1,363.89,0.12,320.22319999999996
835,2024-04-14,1031,Customer_60,263,Product_12,Electronics,West,2,95.34,0.04,183.0528
836,2024-04-15,1033,Customer_79,209,Product_21,Clothing,South,9,277.97,0.16,2101.4532000000004
837,2024-04-16,1091,Customer_94,237,Product_11,Furniture,North,2,360.09,0.29,511.3277999999999
838,2024-04-17,1094,Customer_37,295,Product_39,Electronics,North,3,227.87,0.18,560.5602
839,2024-04-18,1071,Customer_93,291,Product_28,Furniture,West,7,23.27,0.3,114.02299999999998
840,2024-04-19,1038,Customer_22,280,Product_5,Electronics,North,3,230.14,0.25,517.8149999999999
841,2024-04-20,1025,Customer_68,294,Product_17,Electronics,South,9,155.26,0.01,1383.3665999999998
842,2024-04-21,1033,Customer_20,207,Product_20,Clothing,East,6,465.53,0.2,2234.544
843,2024-04-22,1053,Customer_96,224,Product_41,Electronics,North,3,71.06,0.09,193.99380000000002
844,2024-04-23,1002,Customer_68,272,Product_46,Electronics,West,9,329.71,0.17,2462.9336999999996
845,2024-04-24,1049,Customer_91,265,Product_12,Clothing,East,1,35.83,0.08,32.9636
846,2024-04-25,1011,Customer_64,278,Product_6,Furniture,East,3,228.62,0.1,617.274
847,2024-04-26,1064,Customer_17,249,Product_17,Electronics,South,1,281.45,0.28,202.64399999999998
848,2024-04-27,1053,Customer_12,266,Product_19,Clothing,West,2,156.0,0.06,293.28
849,2024-04-28,1004,Customer_22,248,Product_26,Electronics,North,8,232.99,0.26,1379.3008
850,2024-04-29,1093,Customer_17,235,Product_48,Clothing,West,7,90.14,0.01,624.6702
851,2024-04-30,1093,Customer_10,267,Product_44,Furniture,East,2,159.02,0.03,308.4988
852,2024-05-01,1056,Customer_65,277,Product_44,Furniture,West,2,314.34,0.26,465.22319999999996
853,2024-05-02,1016,Customer_22,240,Product_32,Clothing,North,9,157.88,0.19,1150.9452
854,2024-05-03,1046,Customer_90,288,Product_6,Clothing,North,6,450.87,0.22,2110.0716
855,2024-05-04,1022,Customer_82,261,Product_36,Clothing,South,5,317.92,0.06,1494.224
856,2024-05-05,1078,Customer_50,209,Product_38,Furniture,North,6,224.94,0.16,1133.6975999999997
857,2024-05-06,1084,Customer_14,220,Product_11,Electronics,North,9,28.99,0.22,203.50979999999998
858,2024-05-07,1013,Customer_64,235,Product_33,Furniture,West,7,254.78,0.19,1444.6026000000002
859,2024-05-08,1065,Customer_47,211,Product_24,Clothing,West,9,384.74,0.14,2977.8876
860,2024-05-09,1074,Customer_29,290,Product_23,Clothing,East,4,140.12,0.29,397.94079999999997
861,2024-05-10,1050,Customer_76,201,Product_15,Furniture,South,2,405.32,0.2,648.5120000000001
862,2024-05-11,1037,Customer_36,212,Product_27,Clothing,West,8,133.39,0.27,778.9975999999999
863,2024-05-12,1063,Customer_99,252,Product_11,Furniture,North,4,413.64,0.22,1290.5568
864,2024-05-13,1097,Customer_52,231,Product_17,Clothing,East,9,51.78,0.22,363.4956
865,2024-05-14,1037,Customer_76,294,Product_14,Electronics,West,4,434.43,0.02,1702.9656
866,2024-05-15,1049,Customer_7,215,Product_27,Electronics,South,8,254.6,0.11,1812.752
867,2024-05-16,1097,Customer_29,231,Product_18,Clothing,South,9,155.3,0.26,1034.298
868,2024-05-17,1081,Customer_11,231,Product_28,Furniture,East,9,139.91,0.07,1171.0466999999999
869,2024-05-18,1029,Customer_33,297,Product_47,Electronics,East,4,221.69,0.03,860.1572
870,2024-05-19,1078,Customer_6,210,Product_47,Furniture,East,1,499.53,0.1,449.577
871,2024-05-20,1090,Customer_79,209,Product_4,Clothing,East,3,117.96,0.07,329.10839999999996
872,2024-05-21,1050,Customer_32,214,Product_7,Furniture,East,9,60.58,0.28,392.5584
873,2024-05-22,1062,Customer_51,216,Product_45,Electronics,North,4,296.67,0.26,878.1432000000001
874,2024-05-23,1097,Customer_75,239,Product_35,Furniture,North,5,249.39,0.15,1059.9074999999998
875,2024-05-24,1051,Customer_58,217,Product_48,Furniture,West,7,266.86,0.02,1830.6596
876,2024-05-25,1037,Customer_87,254,Product_9,Clothing,South,5,336.8,0.21,1330.3600000000001
877,2024-05-26,1096,Customer_26,272,Product_8,Clothing,North,4,140.9,0.19,456.5160000000001
878,2024-05-27,1087,Customer_98,224,Product_45,Clothing,North,2,456.23,0.29,647.8466
879,2024-05-28,1078,Customer_46,258,Product_17,Electronics,North,2,223.48,0.17,370.97679999999997
880,2024-05-29,1029,Customer_98,277,Product_17,Electronics,West,4,73.25,0.1,263.7
881,2024-05-30,1050,Customer_29,288,Product_49,Clothing,East,9,373.73,0.16,2825.3988
882,2024-05-31,1080,Customer_4,221,Product_33,Clothing,West,8,325.12,0.29,1846.6816
883,2024-06-01,1004,Customer_81,229,Product_32,Electronics,South,3,164.71,0.21,390.3627
884,2024-06-02,1028,Customer_99,283,Product_8,Electronics,South,9,314.54,0.2,2264.688
885,2024-06-03,1003,Customer_13,284,Product_19,Electronics,South,5,117.73,0.07,547.4445
886,2024-06-04,1009,Customer_39,243,Product_38,Electronics,South,3,227.97,0.22,533.4498
887,2024-06-05,1055,Customer_15,231,Product_3,Clothing,North,5,450.71,0.23,1735.2334999999998
888,2024-06-06,1016,Customer_29,250,Product_5,Electronics,North,4,75.43,0.1,271.54800000000006
889,2024-06-07,1073,Customer_29,245,Product_13,Clothing,West,8,199.48,0.15,1356.464
890,2024-06-08,1016,Customer_75,220,Product_47,Furniture,East,5,412.36,0.09,1876.2380000000003
891,2024-06-09,1083,Customer_32,298,Product_46,Furniture,South,8,485.05,0.08,3569.9680000000003
892,2024-06-10,1087,Customer_2,231,Product_31,Electronics,West,9,232.42,0.01,2070.8621999999996
893,2024-06-11,1068,Customer_47,293,Product_16,Furniture,North,4,258.43,0.09,940.6852
894,2024-06-12,1033,Customer_78,238,Product_32,Furniture,North,7,290.36,0.17,1686.9915999999998
895,2024-06-13,1005,Customer_84,211,Product_22,Furniture,East,2,466.85,0.0,933.7
896,2024-06-14,1052,Customer_22,246,Product_29,Electronics,East,6,430.52,0.08,2376.4704
897,2024-06-15,1065,Customer_75,217,Product_22,Electronics,East,8,93.59,0.26,554.0528
898,2024-06-16,1076,Customer_27,220,Product_43,Furniture,West,7,224.01,0.18,1285.8174000000001
899,2024-06-17,1042,Customer_67,212,Product_3,Clothing,North,7,237.36,0.18,1362.4464
900,2024-06-18,1074,Customer_81,220,Product_10,Furniture,North,8,396.66,0.12,2792.4864000000002
901,2024-06-19,1022,Customer_56,207,Product_42,Electronics,East,7,305.42,0.2,1710.352
902,2024-06-20,1054,Customer_92,245,Product_21,Electronics,South,5,330.57,0.06,1553.6789999999999
903,2024-06-21,1079,Customer_93,206,Product_16,Electronics,East,7,499.12,0.25,2620.38
904,2024-06-22,1094,Customer_21,222,Product_12,Furniture,West,3,46.73,0.04,134.5824
905,2024-06-23,1074,Customer_47,295,Product_2,Clothing,East,5,119.27,0.2,477.08000000000004
906,2024-06-24,1015,Customer_80,274,Product_41,Electronics,East,7,209.87,0.1,1322.1810000000003
907,2024-06-25,1007,Customer_59,285,Product_24,Electronics,West,9,180.41,0.22,1266.4782
908,2024-06-26,1003,Customer_84,221,Product_35,Furniture,East,2,20.61,0.16,34.6248
909,2024-06-27,1003,Customer_6,288,Product_30,Clothing,North,4,54.97,0.14,189.0968
910,2024-06-28,1055,Customer_19,221,Product_30,Furniture,South,7,343.67,0.05,2285.4055
911,2024-06-29,1024,Customer_57,291,Product_47,Electronics,East,1,440.87,0.19,357.10470000000004
912,2024-06-30,1066,Customer_69,228,Product_35,Clothing,West,2,261.97,0.29,371.9974
913,2024-07-01,1095,Customer_3,212,Product_19,Clothing,South,9,274.2,0.25,1850.85
914,2024-07-02,1066,Customer_1,281,Product_8,Electronics,West,7,135.0,0.02,926.1
915,2024-07-03,1026,Customer_58,201,Product_26,Clothing,South,7,386.26,0.11,2406.3997999999997
916,2024-07-04,1092,Customer_38,228,Product_49,Clothing,South,6,378.38,0.28,1634.6015999999997
917,2024-07-05,1031,Customer_15,284,Product_40,Furniture,East,3,298.3,0.15,760.6650000000001
918,2024-07-06,1049,Customer_34,278,Product_7,Electronics,North,3,114.21,0.2,274.104
919,2024-07-07,1060,Customer_61,251,Product_30,Electronics,East,2,57.54,0.27,84.0084
920,2024-07-08,1050,Customer_35,226,Product_7,Electronics,West,6,41.48,0.26,184.1712
921,2024-07-09,1018,Customer_64,249,Product_3,Electronics,West,4,300.42,0.15,1021.428
922,2024-07-10,1020,Customer_25,294,Product_1,Electronics,South,5,414.27,0.13,1802.0745
923,2024-07-11,1004,Customer_24,278,Product_36,Clothing,South,3,430.58,0.1,1162.566
924,2024-07-12,1081,Customer_12,222,Product_25,Furniture,North,6,237.17,0.22,1109.9556
925,2024-07-13,1091,Customer_18,287,Product_37,Electronics,East,3,394.29,0.09,1076.4117
926,2024-07-14,1041,Customer_15,243,Product_1,Furniture,West,8,473.97,0.07,3526.3368
927,2024-07-15,1060,Customer_80,276,Product_15,Furniture,South,9,144.83,0.11,1160.0883000000001
928,2024-07-16,1021,Customer_27,221,Product_37,Clothing,North,4,205.0,0.05,779.0
929,2024-07-17,1020,Customer_72,242,Product_13,Electronics,West,9,466.42,0.21,3316.2462
930,2024-07-18,1069,Customer_60,236,Product_40,Clothing,South,7,175.73,0.18,1008.6902
931,2024-07-19,1000,Customer_46,260,Product_8,Electronics,West,3,457.8,0.14,1181.124
932,2024-07-20,1004,Customer_89,296,Product_5,Clothing,North,7,490.71,0.12,3022.7736
933,2024-07-21,1011,Customer_17,255,Product_9,Furniture,North,1,334.29,0.27,244.0317
934,2024-07-22,1089,Customer_93,202,Product_1,Electronics,West,3,410.28,0.01,1218.5315999999998
935,2024-07-23,1045,Customer_53,262,Product_36,Furniture,East,6,377.28,0.23,1743.0336
936,2024-07-24,1033,Customer_8,218,Product_35,Furniture,West,4,352.77,0.27,1030.0883999999999
937,2024-07-25,1048,Customer_79,222,Product_2,Clothing,South,7,160.4,0.13,976.8359999999999
938,2024-07-26,1077,Customer_27,228,Product_40,Electronics,East,3,37.98,0.17,94.5702
939,2024-07-27,1089,Customer_46,229,Product_23,Furniture,South,1,178.1,0.28,128.232
940,2024-07-28,1044,Customer_50,238,Product_9,Clothing,West,9,336.8,0.06,2849.328
941,2024-07-29,1026,Customer_71,224,Product_34,Electronics,East,6,60.24,0.16,303.6096
942,2024-07-30,1072,Customer_3,207,Product_46,Electronics,South,8,15.84,0.14,108.97919999999999
943,2024-07-31,1025,Customer_93,257,Product_14,Furniture,West,3,78.45,0.08,216.52200000000002
944,2024-08-01,1046,Customer_64,215,Product_4,Electronics,West,8,360.71,0.25,2164.2599999999998
945,2024-08-02,1085,Customer_44,271,Product_30,Furniture,East,2,486.67,0.27,710.5382
946,2024-08-03,1055,Customer_53,200,Product_31,Electronics,West,4,491.7,0.23,1514.436
947,2024-08-04,1093,Customer_24,204,Product_38,Clothing,North,3,252.05,0.06,710.7810000000001
948,2024-08-05,1062,Customer_60,202,Product_11,Furniture,South,1,435.98,0.03,422.9006
949,2024-08-06,1047,Customer_3,264,Product_35,Furniture,South,7,371.04,0.18,2129.7696000000005
950,2024-08-07,1060,Customer_20,203,Product_8,Electronics,West,2,255.51,0.02,500.7996
951,2024-08-08,1080,Customer_46,298,Product_3,Electronics,West,4,290.65,0.2,930.0799999999999
952,2024-08-09,1025,Customer_15,295,Product_14,Furniture,North,9,77.24,0.16,583.9344
953,2024-08-10,1035,Customer_25,263,Product_13,Electronics,East,6,469.45,0.2,2253.36
954,2024-08-11,1000,Customer_94,297,Product_45,Clothing,West,8,182.45,0.18,1196.872
955,2024-08-12,1007,Customer_78,288,Product_32,Electronics,West,2,228.61,0.13,397.7814
956,2024-08-13,1098,Customer_71,209,Product_34,Clothing,West,7,339.11,0.06,2231.3437999999996
957,2024-08-14,1051,Customer_17,220,Product_45,Clothing,West,6,173.61,0.09,947.9106000000002
958,2024-08-15,1078,Customer_84,245,Product_19,Clothing,South,9,134.59,0.16,1017.5003999999999
959,2024-08-16,1046,Customer_9,290,Product_38,Clothing,West,7,319.21,0.2,1787.576
960,2024-08-17,1055,Customer_38,226,Product_16,Clothing,South,1,22.24,0.23,17.1248
961,2024-08-18,1085,Customer_48,265,Product_2,Electronics,West,8,363.16,0.23,2237.0656000000004
962,2024-08-19,1013,Customer_60,240,Product_40,Clothing,East,3,261.87,0.29,557.7831
963,2024-08-20,1089,Customer_63,212,Product_17,Electronics,North,2,306.82,0.09,558.4124
964,2024-08-21,1027,Customer_86,208,Product_34,Clothing,East,3,319.62,0.02,939.6828
965,2024-08-22,1086,Customer_2,235,Product_42,Furniture,West,6,268.25,0.1,1448.55
966,2024-08-23,1077,Customer_88,285,Product_16,Clothing,West,3,295.44,0.22,691.3296
967,2024-08-24,1087,Customer_72,289,Product_38,Furniture,West,5,345.06,0.13,1501.011
968,2024-08-25,1001,Customer_11,257,Product_2,Clothing,East,6,379.03,0.25,1705.6349999999998
969,2024-08-26,1025,Customer_64,253,Product_2,Clothing,West,8,366.45,0.16,2462.544
970,2024-08-27,1013,Customer_77,211,Product_26,Clothing,East,7,436.11,0.28,2197.9944
971,2024-08-28,1058,Customer_81,280,Product_13,Furniture,South,8,102.83,0.28,592.3008
972,2024-08-29,1055,Customer_72,277,Product_47,Furniture,North,3,206.56,0.02,607.2864000000001
973,2024-08-30,1006,Customer_21,213,Product_31,Clothing,North,4,474.42,0.14,1632.0048
974,2024-08-31,1002,Customer_18,233,Product_34,Electronics,East,6,204.33,0.18,1005.3036000000001
975,2024-09-01,1022,Customer_94,252,Product_39,Clothing,South,7,71.19,0.08,458.4636
976,2024-09-02,1017,Customer_64,219,Product_3,Furniture,East,9,267.47,0.12,2118.3624000000004
977,2024-09-03,1037,Customer_82,274,Product_8,Clothing,South,1,63.65,0.2,50.92
978,2024-09-04,1098,Customer_95,215,Product_23,Furniture,West,8,109.4,0.07,813.936
979,2024-09-05,1014,Customer_38,294,Product_14,Furniture,South,8,499.18,0.18,3274.6208
980,2024-09-06,1063,Customer_32,269,Product_27,Furniture,South,6,275.27,0.21,1304.7798
981,2024-09-07,1088,Customer_11,255,Product_29,Clothing,South,4,149.19,0.03,578.8571999999999
982,2024-09-08,1027,Customer_45,282,Product_39,Furniture,North,3,497.44,0.15,1268.472
983,2024-09-09,1073,Customer_89,257,Product_39,Furniture,South,3,483.61,0.08,1334.7636
984,2024-09-10,1038,Customer_33,203,Product_1,Clothing,West,6,225.96,0.22,1057.4928
985,2024-09-11,1056,Customer_41,203,Product_17,Furniture,West,8,137.6,0.06,1034.752
986,2024-09-12,1016,Customer_8,219,Product_41,Clothing,West,7,420.82,0.27,2150.3902
987,2024-09-13,1085,Customer_11,209,Product_30,Furniture,South,1,360.65,0.13,313.7655
988,2024-09-14,1089,Customer_86,223,Product_13,Electronics,East,6,346.6,0.06,1954.8240000000003
989,2024-09-15,1043,Customer_51,298,Product_21,Electronics,East,7,447.63,0.13,2726.0667
990,2024-09-16,1024,Customer_88,225,Product_19,Furniture,West,7,347.81,0.12,2142.5096
991,2024-09-17,1016,Customer_41,236,Product_19,Electronics,North,9,149.06,0.13,1167.1398
992,2024-09-18,1012,Customer_17,284,Product_25,Clothing,East,5,349.99,0.18,1434.959
993,2024-09-19,1083,Customer_76,253,Product_22,Electronics,South,1,159.85,0.16,134.274
994,2024-09-20,1024,Customer_46,220,Product_31,Furniture,East,2,382.03,0.04,733.4975999999999
995,2024-09-21,1067,Customer_32,273,Product_17,Furniture,West,4,313.68,0.02,1229.6256
996,2024-09-22,1009,Customer_79,237,Product_23,Clothing,North,5,47.93,0.22,186.92700000000002
997,2024-09-23,1066,Customer_80,245,Product_32,Furniture,East,9,261.29,0.17,1951.8363
998,2024-09-24,1017,Customer_54,203,Product_10,Clothing,East,1,178.22,0.11,158.6158
999,2024-09-25,1099,Customer_86,259,Product_10,Electronics,West,3,171.0,0.24,389.88
1000,2024-09-26,1085,Customer_92,256,Product_36,Electronics,North,5,305.11,0.12,1342.4840000000002
